id,kode_provinsi,nama_provinsi,kode_kabupaten_kota,nama_kabupaten_kota,cabang_pelayanan,jenis_pkb,jumlah_pendapatan,satuan,tahun
1,32,JAWA BARAT,3201,KABUPATEN BOGOR,KABUPATEN BOGOR (CIBINONG),PKB POKOK,3148936069500,RUPIAH,2013
2,32,JAWA BARAT,3201,KABUPATEN BOGOR,KABUPATEN BOGOR (CIBINONG),PKB DENDA,99183560000,RUPIAH,2013
3,32,JAWA BARAT,3202,KABUPATEN SUKABUMI,KABUPATEN SUKABUMI I CBDK,PKB POKOK,662823530250,RUPIAH,2013
4,32,JAWA BARAT,3202,KABUPATEN SUKABUMI,KABUPATEN SUKABUMI I CBDK,PKB DENDA,26584814750,RUPIAH,2013
5,32,JAWA BARAT,3202,KABUPATEN SUKABUMI,KABUPATEN SUKABUMI II P.RATU,PKB POKOK,318710313000,RUPIAH,2013
6,32,JAWA BARAT,3202,KABUPATEN SUKABUMI,KABUPATEN SUKABUMI II P.RATU,PKB DENDA,12645051500,RUPIAH,2013
7,32,JAWA BARAT,3203,KABUPATEN CIANJUR,KABUPATEN CIANJUR,PKB POKOK,822121909000,RUPIAH,2013
8,32,JAWA BARAT,3203,KABUPATEN CIANJUR,KABUPATEN CIANJUR,PKB DENDA,27967471000,RUPIAH,2013
9,32,JAWA BARAT,3204,KABUPATEN BANDUNG,KABUPATEN BANDUNG I RC.EKEK,PKB POKOK,1370827857250,RUPIAH,2013
10,32,JAWA BARAT,3204,KABUPATEN BANDUNG,KABUPATEN BANDUNG I RC.EKEK,PKB DENDA,34601898750,RUPIAH,2013
11,32,JAWA BARAT,3204,KABUPATEN BANDUNG,KABUPATEN BANDUNG II SOREANG,PKB POKOK,1058246313500,RUPIAH,2013
12,32,JAWA BARAT,3204,KABUPATEN BANDUNG,KABUPATEN BANDUNG II SOREANG,PKB DENDA,29010143000,RUPIAH,2013
13,32,JAWA BARAT,3205,KABUPATEN GARUT,KABUPATEN GARUT,PKB POKOK,733398879500,RUPIAH,2013
14,32,JAWA BARAT,3205,KABUPATEN GARUT,KABUPATEN GARUT,PKB DENDA,24543174500,RUPIAH,2013
15,32,JAWA BARAT,3206,KABUPATEN TASIKMALAYA,KABUPATEN TASIKMALAYA,PKB POKOK,459156274000,RUPIAH,2013
16,32,JAWA BARAT,3206,KABUPATEN TASIKMALAYA,KABUPATEN TASIKMALAYA,PKB DENDA,11975495000,RUPIAH,2013
17,32,JAWA BARAT,3207,KABUPATEN CIAMIS,KABUPATEN CIAMIS I,PKB POKOK,489146821000,RUPIAH,2013
18,32,JAWA BARAT,3207,KABUPATEN CIAMIS,KABUPATEN CIAMIS I,PKB DENDA,12129103000,RUPIAH,2013
19,32,JAWA BARAT,3208,KABUPATEN KUNINGAN,KABUPATEN KUNINGAN,PKB POKOK,536247715000,RUPIAH,2013
20,32,JAWA BARAT,3208,KABUPATEN KUNINGAN,KABUPATEN KUNINGAN,PKB DENDA,13644162500,RUPIAH,2013
21,32,JAWA BARAT,3209,KABUPATEN CIREBON,KABUPATEN CIREBON I SBR,PKB POKOK,894494349250,RUPIAH,2013
22,32,JAWA BARAT,3209,KABUPATEN CIREBON,KABUPATEN CIREBON I SBR,PKB DENDA,28237048500,RUPIAH,2013
23,32,JAWA BARAT,3209,KABUPATEN CIREBON,KABUPATEN CIREBON II CLDG,PKB POKOK,395333687000,RUPIAH,2013
24,32,JAWA BARAT,3209,KABUPATEN CIREBON,KABUPATEN CIREBON II CLDG,PKB DENDA,12512416000,RUPIAH,2013
25,32,JAWA BARAT,3210,KABUPATEN MAJALENGKA,KABUPATEN MAJALENGKA,PKB POKOK,630090542500,RUPIAH,2013
26,32,JAWA BARAT,3210,KABUPATEN MAJALENGKA,KABUPATEN MAJALENGKA,PKB DENDA,17202801000,RUPIAH,2013
27,32,JAWA BARAT,3211,KABUPATEN SUMEDANG,KABUPATEN SUMEDANG,PKB POKOK,489421177500,RUPIAH,2013
28,32,JAWA BARAT,3211,KABUPATEN SUMEDANG,KABUPATEN SUMEDANG,PKB DENDA,15740251000,RUPIAH,2013
29,32,JAWA BARAT,3212,KABUPATEN INDRAMAYU,KABUPATEN INDRAMAYU I,PKB POKOK,646752775000,RUPIAH,2013
30,32,JAWA BARAT,3212,KABUPATEN INDRAMAYU,KABUPATEN INDRAMAYU I,PKB DENDA,22568296300,RUPIAH,2013
31,32,JAWA BARAT,3212,KABUPATEN INDRAMAYU,KABUPATEN INDRAMAYU II HRGLS,PKB POKOK,279644451000,RUPIAH,2013
32,32,JAWA BARAT,3212,KABUPATEN INDRAMAYU,KABUPATEN INDRAMAYU II HRGLS,PKB DENDA,11562074000,RUPIAH,2013
33,32,JAWA BARAT,3213,KABUPATEN SUBANG,KABUPATEN SUBANG,PKB POKOK,666142467250,RUPIAH,2013
34,32,JAWA BARAT,3213,KABUPATEN SUBANG,KABUPATEN SUBANG,PKB DENDA,27124603400,RUPIAH,2013
35,32,JAWA BARAT,3214,KABUPATEN PURWAKARTA,KABUPATEN PURWAKARTA,PKB POKOK,539422900000,RUPIAH,2013
36,32,JAWA BARAT,3214,KABUPATEN PURWAKARTA,KABUPATEN PURWAKARTA,PKB DENDA,23077148500,RUPIAH,2013
37,32,JAWA BARAT,3215,KABUPATEN KARAWANG,KABUPATEN KARAWANG,PKB POKOK,1593884393500,RUPIAH,2013
38,32,JAWA BARAT,3215,KABUPATEN KARAWANG,KABUPATEN KARAWANG,PKB DENDA,51778890000,RUPIAH,2013
39,32,JAWA BARAT,3216,KABUPATEN BEKASI,KABUPATEN BEKASI CKRG,PKB POKOK,3802540100000,RUPIAH,2013
40,32,JAWA BARAT,3216,KABUPATEN BEKASI,KABUPATEN BEKASI CKRG,PKB DENDA,107194175600,RUPIAH,2013
41,32,JAWA BARAT,3217,KABUPATEN BANDUNG BARAT,KABUPATEN BANDUNG BARAT PDLG,PKB POKOK,1194007891000,RUPIAH,2013
42,32,JAWA BARAT,3217,KABUPATEN BANDUNG BARAT,KABUPATEN BANDUNG BARAT PDLG,PKB DENDA,31251677000,RUPIAH,2013
43,32,JAWA BARAT,3218,KABUPATEN PANGANDARAN,KABUPATEN PANGANDARAN,PKB POKOK,149290235000,RUPIAH,2013
44,32,JAWA BARAT,3218,KABUPATEN PANGANDARAN,KABUPATEN PANGANDARAN,PKB DENDA,4056943500,RUPIAH,2013
45,32,JAWA BARAT,3271,KOTA BOGOR,KOTA BOGOR,PKB POKOK,1690983817500,RUPIAH,2013
46,32,JAWA BARAT,3271,KOTA BOGOR,KOTA BOGOR,PKB DENDA,41615413000,RUPIAH,2013
47,32,JAWA BARAT,3272,KOTA SUKABUMI,KOTA SUKABUMI,PKB POKOK,337317773000,RUPIAH,2013
48,32,JAWA BARAT,3272,KOTA SUKABUMI,KOTA SUKABUMI,PKB DENDA,8831548000,RUPIAH,2013
49,32,JAWA BARAT,3273,KOTA BANDUNG,KOTA BANDUNG I PJJRN,PKB POKOK,2892782746350,RUPIAH,2013
50,32,JAWA BARAT,3273,KOTA BANDUNG,KOTA BANDUNG I PJJRN,PKB DENDA,53986721370,RUPIAH,2013
51,32,JAWA BARAT,3273,KOTA BANDUNG,KOTA BANDUNG II KWLYN,PKB POKOK,2975774484000,RUPIAH,2013
52,32,JAWA BARAT,3273,KOTA BANDUNG,KOTA BANDUNG II KWLYN,PKB DENDA,55520807000,RUPIAH,2013
53,32,JAWA BARAT,3273,KOTA BANDUNG,KOTA BANDUNG III SOETA,PKB POKOK,2273627705000,RUPIAH,2013
54,32,JAWA BARAT,3273,KOTA BANDUNG,KOTA BANDUNG III SOETA,PKB DENDA,44101903850,RUPIAH,2013
55,32,JAWA BARAT,3274,KOTA CIREBON,KOTA CIREBON,PKB POKOK,731508846500,RUPIAH,2013
56,32,JAWA BARAT,3274,KOTA CIREBON,KOTA CIREBON,PKB DENDA,17586617350,RUPIAH,2013
57,32,JAWA BARAT,3275,KOTA BEKASI,KOTA BEKASI,PKB POKOK,6207054326750,RUPIAH,2013
58,32,JAWA BARAT,3275,KOTA BEKASI,KOTA BEKASI,PKB DENDA,155114908630,RUPIAH,2013
59,32,JAWA BARAT,3276,KOTA DEPOK,KOTA DEPOK I,PKB POKOK,2393726110500,RUPIAH,2013
60,32,JAWA BARAT,3276,KOTA DEPOK,KOTA DEPOK I,PKB DENDA,66335387000,RUPIAH,2013
61,32,JAWA BARAT,3276,KOTA DEPOK,KOTA DEPOK II CINERE,PKB POKOK,1205265042500,RUPIAH,2013
62,32,JAWA BARAT,3276,KOTA DEPOK,KOTA DEPOK II CINERE,PKB DENDA,33812952000,RUPIAH,2013
63,32,JAWA BARAT,3277,KOTA CIMAHI,KOTA CIMAHI,PKB POKOK,855746193000,RUPIAH,2013
64,32,JAWA BARAT,3277,KOTA CIMAHI,KOTA CIMAHI,PKB DENDA,17747696500,RUPIAH,2013
65,32,JAWA BARAT,3278,KOTA TASIKMALAYA,KOTA TASIKMALAYA,PKB POKOK,565614183500,RUPIAH,2013
66,32,JAWA BARAT,3278,KOTA TASIKMALAYA,KOTA TASIKMALAYA,PKB DENDA,13951977000,RUPIAH,2013
67,32,JAWA BARAT,3279,KOTA BANJAR,KOTA BANJAR,PKB POKOK,128929531500,RUPIAH,2013
68,32,JAWA BARAT,3279,KOTA BANJAR,KOTA BANJAR,PKB DENDA,3226100000,RUPIAH,2013
69,32,JAWA BARAT,3201,KABUPATEN BOGOR,KABUPATEN BOGOR (CIBINONG),PKB POKOK,3749984547000,RUPIAH,2014
70,32,JAWA BARAT,3201,KABUPATEN BOGOR,KABUPATEN BOGOR (CIBINONG),PKB DENDA,129562690500,RUPIAH,2014
71,32,JAWA BARAT,3202,KABUPATEN SUKABUMI,KABUPATEN SUKABUMI I CBDK,PKB POKOK,773041230000,RUPIAH,2014
72,32,JAWA BARAT,3202,KABUPATEN SUKABUMI,KABUPATEN SUKABUMI I CBDK,PKB DENDA,32898497500,RUPIAH,2014
73,32,JAWA BARAT,3202,KABUPATEN SUKABUMI,KABUPATEN SUKABUMI II P.RATU,PKB POKOK,362993136000,RUPIAH,2014
74,32,JAWA BARAT,3202,KABUPATEN SUKABUMI,KABUPATEN SUKABUMI II P.RATU,PKB DENDA,17035479000,RUPIAH,2014
75,32,JAWA BARAT,3203,KABUPATEN CIANJUR,KABUPATEN CIANJUR,PKB POKOK,951126384000,RUPIAH,2014
76,32,JAWA BARAT,3203,KABUPATEN CIANJUR,KABUPATEN CIANJUR,PKB DENDA,33412435000,RUPIAH,2014
77,32,JAWA BARAT,3204,KABUPATEN BANDUNG,KABUPATEN BANDUNG I RC.EKEK,PKB POKOK,1598755080000,RUPIAH,2014
78,32,JAWA BARAT,3204,KABUPATEN BANDUNG,KABUPATEN BANDUNG I RC.EKEK,PKB DENDA,43486485000,RUPIAH,2014
79,32,JAWA BARAT,3204,KABUPATEN BANDUNG,KABUPATEN BANDUNG II SOREANG,PKB POKOK,1248867627000,RUPIAH,2014
80,32,JAWA BARAT,3204,KABUPATEN BANDUNG,KABUPATEN BANDUNG II SOREANG,PKB DENDA,36538167000,RUPIAH,2014
81,32,JAWA BARAT,3205,KABUPATEN GARUT,KABUPATEN GARUT,PKB POKOK,837914021000,RUPIAH,2014
82,32,JAWA BARAT,3205,KABUPATEN GARUT,KABUPATEN GARUT,PKB DENDA,27392984200,RUPIAH,2014
83,32,JAWA BARAT,3206,KABUPATEN TASIKMALAYA,KABUPATEN TASIKMALAYA,PKB POKOK,536675372000,RUPIAH,2014
84,32,JAWA BARAT,3206,KABUPATEN TASIKMALAYA,KABUPATEN TASIKMALAYA,PKB DENDA,13231681000,RUPIAH,2014
85,32,JAWA BARAT,3207,KABUPATEN CIAMIS,KABUPATEN CIAMIS I,PKB POKOK,559200259500,RUPIAH,2014
86,32,JAWA BARAT,3207,KABUPATEN CIAMIS,KABUPATEN CIAMIS I,PKB DENDA,13796221000,RUPIAH,2014
87,32,JAWA BARAT,3208,KABUPATEN KUNINGAN,KABUPATEN KUNINGAN,PKB POKOK,631823232000,RUPIAH,2014
88,32,JAWA BARAT,3208,KABUPATEN KUNINGAN,KABUPATEN KUNINGAN,PKB DENDA,16766870000,RUPIAH,2014
89,32,JAWA BARAT,3209,KABUPATEN CIREBON,KABUPATEN CIREBON I SBR,PKB POKOK,1005537036000,RUPIAH,2014
90,32,JAWA BARAT,3209,KABUPATEN CIREBON,KABUPATEN CIREBON I SBR,PKB DENDA,31215530500,RUPIAH,2014
91,32,JAWA BARAT,3209,KABUPATEN CIREBON,KABUPATEN CIREBON II CLDG,PKB POKOK,458341829000,RUPIAH,2014
92,32,JAWA BARAT,3209,KABUPATEN CIREBON,KABUPATEN CIREBON II CLDG,PKB DENDA,14964347000,RUPIAH,2014
93,32,JAWA BARAT,3210,KABUPATEN MAJALENGKA,KABUPATEN MAJALENGKA,PKB POKOK,729225027500,RUPIAH,2014
94,32,JAWA BARAT,3210,KABUPATEN MAJALENGKA,KABUPATEN MAJALENGKA,PKB DENDA,20136339000,RUPIAH,2014
95,32,JAWA BARAT,3211,KABUPATEN SUMEDANG,KABUPATEN SUMEDANG,PKB POKOK,570253964500,RUPIAH,2014
96,32,JAWA BARAT,3211,KABUPATEN SUMEDANG,KABUPATEN SUMEDANG,PKB DENDA,18165173900,RUPIAH,2014
97,32,JAWA BARAT,3212,KABUPATEN INDRAMAYU,KABUPATEN INDRAMAYU I,PKB POKOK,729912484000,RUPIAH,2014
98,32,JAWA BARAT,3212,KABUPATEN INDRAMAYU,KABUPATEN INDRAMAYU I,PKB DENDA,25743050950,RUPIAH,2014
99,32,JAWA BARAT,3212,KABUPATEN INDRAMAYU,KABUPATEN INDRAMAYU II HRGLS,PKB POKOK,307096948000,RUPIAH,2014
100,32,JAWA BARAT,3212,KABUPATEN INDRAMAYU,KABUPATEN INDRAMAYU II HRGLS,PKB DENDA,12530424350,RUPIAH,2014
101,32,JAWA BARAT,3213,KABUPATEN SUBANG,KABUPATEN SUBANG,PKB POKOK,777952319000,RUPIAH,2014
102,32,JAWA BARAT,3213,KABUPATEN SUBANG,KABUPATEN SUBANG,PKB DENDA,33255927800,RUPIAH,2014
103,32,JAWA BARAT,3214,KABUPATEN PURWAKARTA,KABUPATEN PURWAKARTA,PKB POKOK,642611357500,RUPIAH,2014
104,32,JAWA BARAT,3214,KABUPATEN PURWAKARTA,KABUPATEN PURWAKARTA,PKB DENDA,27218825000,RUPIAH,2014
105,32,JAWA BARAT,3215,KABUPATEN KARAWANG,KABUPATEN KARAWANG,PKB POKOK,1899888793000,RUPIAH,2014
106,32,JAWA BARAT,3215,KABUPATEN KARAWANG,KABUPATEN KARAWANG,PKB DENDA,63189079000,RUPIAH,2014
107,32,JAWA BARAT,3216,KABUPATEN BEKASI,KABUPATEN BEKASI CKRG,PKB POKOK,4462630800000,RUPIAH,2014
108,32,JAWA BARAT,3216,KABUPATEN BEKASI,KABUPATEN BEKASI CKRG,PKB DENDA,140594758000,RUPIAH,2014
109,32,JAWA BARAT,3217,KABUPATEN BANDUNG BARAT,KABUPATEN BANDUNG BARAT PDLG,PKB POKOK,1382297238000,RUPIAH,2014
110,32,JAWA BARAT,3217,KABUPATEN BANDUNG BARAT,KABUPATEN BANDUNG BARAT PDLG,PKB DENDA,37590951150,RUPIAH,2014
111,32,JAWA BARAT,3218,KABUPATEN PANGANDARAN,KABUPATEN PANGANDARAN,PKB POKOK,169148676000,RUPIAH,2014
112,32,JAWA BARAT,3218,KABUPATEN PANGANDARAN,KABUPATEN PANGANDARAN,PKB DENDA,4720981000,RUPIAH,2014
113,32,JAWA BARAT,3271,KOTA BOGOR,KOTA BOGOR,PKB POKOK,1890322490500,RUPIAH,2014
114,32,JAWA BARAT,3271,KOTA BOGOR,KOTA BOGOR,PKB DENDA,52739846500,RUPIAH,2014
115,32,JAWA BARAT,3272,KOTA SUKABUMI,KOTA SUKABUMI,PKB POKOK,377502210500,RUPIAH,2014
116,32,JAWA BARAT,3272,KOTA SUKABUMI,KOTA SUKABUMI,PKB DENDA,12969218000,RUPIAH,2014
117,32,JAWA BARAT,3273,KOTA BANDUNG,KOTA BANDUNG I PJJRN,PKB POKOK,3163366211500,RUPIAH,2014
118,32,JAWA BARAT,3273,KOTA BANDUNG,KOTA BANDUNG I PJJRN,PKB DENDA,69577168500,RUPIAH,2014
119,32,JAWA BARAT,3273,KOTA BANDUNG,KOTA BANDUNG II KWLYN,PKB POKOK,3228706467000,RUPIAH,2014
120,32,JAWA BARAT,3273,KOTA BANDUNG,KOTA BANDUNG II KWLYN,PKB DENDA,71892972000,RUPIAH,2014
121,32,JAWA BARAT,3273,KOTA BANDUNG,KOTA BANDUNG III SOETA,PKB POKOK,2543265849000,RUPIAH,2014
122,32,JAWA BARAT,3273,KOTA BANDUNG,KOTA BANDUNG III SOETA,PKB DENDA,57871436750,RUPIAH,2014
123,32,JAWA BARAT,3274,KOTA CIREBON,KOTA CIREBON,PKB POKOK,793253777500,RUPIAH,2014
124,32,JAWA BARAT,3274,KOTA CIREBON,KOTA CIREBON,PKB DENDA,20887141000,RUPIAH,2014
125,32,JAWA BARAT,3275,KOTA BEKASI,KOTA BEKASI,PKB POKOK,7103117651500,RUPIAH,2014
126,32,JAWA BARAT,3275,KOTA BEKASI,KOTA BEKASI,PKB DENDA,204809408000,RUPIAH,2014
127,32,JAWA BARAT,3276,KOTA DEPOK,KOTA DEPOK I,PKB POKOK,2739528129000,RUPIAH,2014
128,32,JAWA BARAT,3276,KOTA DEPOK,KOTA DEPOK I,PKB DENDA,88547349000,RUPIAH,2014
129,32,JAWA BARAT,3276,KOTA DEPOK,KOTA DEPOK II CINERE,PKB POKOK,1393622973000,RUPIAH,2014
130,32,JAWA BARAT,3276,KOTA DEPOK,KOTA DEPOK II CINERE,PKB DENDA,45313085750,RUPIAH,2014
131,32,JAWA BARAT,3277,KOTA CIMAHI,KOTA CIMAHI,PKB POKOK,988914679000,RUPIAH,2014
132,32,JAWA BARAT,3277,KOTA CIMAHI,KOTA CIMAHI,PKB DENDA,23252814600,RUPIAH,2014
133,32,JAWA BARAT,3278,KOTA TASIKMALAYA,KOTA TASIKMALAYA,PKB POKOK,636991978500,RUPIAH,2014
134,32,JAWA BARAT,3278,KOTA TASIKMALAYA,KOTA TASIKMALAYA,PKB DENDA,15343663000,RUPIAH,2014
135,32,JAWA BARAT,3279,KOTA BANJAR,KOTA BANJAR,PKB POKOK,144571531000,RUPIAH,2014
136,32,JAWA BARAT,3279,KOTA BANJAR,KOTA BANJAR,PKB DENDA,3820043000,RUPIAH,2014
137,32,JAWA BARAT,3201,KABUPATEN BOGOR,KABUPATEN BOGOR (CIBINONG),PKB POKOK,4064624444500,RUPIAH,2015
138,32,JAWA BARAT,3201,KABUPATEN BOGOR,KABUPATEN BOGOR (CIBINONG),PKB DENDA,163924796000,RUPIAH,2015
139,32,JAWA BARAT,3202,KABUPATEN SUKABUMI,KABUPATEN SUKABUMI I CBDK,PKB POKOK,840226370500,RUPIAH,2015
140,32,JAWA BARAT,3202,KABUPATEN SUKABUMI,KABUPATEN SUKABUMI I CBDK,PKB DENDA,39185376500,RUPIAH,2015
141,32,JAWA BARAT,3202,KABUPATEN SUKABUMI,KABUPATEN SUKABUMI II P.RATU,PKB POKOK,389758102000,RUPIAH,2015
142,32,JAWA BARAT,3202,KABUPATEN SUKABUMI,KABUPATEN SUKABUMI II P.RATU,PKB DENDA,21795056000,RUPIAH,2015
143,32,JAWA BARAT,3203,KABUPATEN CIANJUR,KABUPATEN CIANJUR,PKB POKOK,1033025571000,RUPIAH,2015
144,32,JAWA BARAT,3203,KABUPATEN CIANJUR,KABUPATEN CIANJUR,PKB DENDA,41670274000,RUPIAH,2015
145,32,JAWA BARAT,3204,KABUPATEN BANDUNG,KABUPATEN BANDUNG I RC.EKEK,PKB POKOK,1766272703000,RUPIAH,2015
146,32,JAWA BARAT,3204,KABUPATEN BANDUNG,KABUPATEN BANDUNG I RC.EKEK,PKB DENDA,60226455000,RUPIAH,2015
147,32,JAWA BARAT,3204,KABUPATEN BANDUNG,KABUPATEN BANDUNG II SOREANG,PKB POKOK,1357441642000,RUPIAH,2015
148,32,JAWA BARAT,3204,KABUPATEN BANDUNG,KABUPATEN BANDUNG II SOREANG,PKB DENDA,45530780500,RUPIAH,2015
149,32,JAWA BARAT,3205,KABUPATEN GARUT,KABUPATEN GARUT,PKB POKOK,891929399000,RUPIAH,2015
150,32,JAWA BARAT,3205,KABUPATEN GARUT,KABUPATEN GARUT,PKB DENDA,33934154300,RUPIAH,2015
151,32,JAWA BARAT,3206,KABUPATEN TASIKMALAYA,KABUPATEN TASIKMALAYA,PKB POKOK,597902990500,RUPIAH,2015
152,32,JAWA BARAT,3206,KABUPATEN TASIKMALAYA,KABUPATEN TASIKMALAYA,PKB DENDA,17152761000,RUPIAH,2015
153,32,JAWA BARAT,3207,KABUPATEN CIAMIS,KABUPATEN CIAMIS I,PKB POKOK,598390634500,RUPIAH,2015
154,32,JAWA BARAT,3207,KABUPATEN CIAMIS,KABUPATEN CIAMIS I,PKB DENDA,16948915000,RUPIAH,2015
155,32,JAWA BARAT,3208,KABUPATEN KUNINGAN,KABUPATEN KUNINGAN,PKB POKOK,695966552500,RUPIAH,2015
156,32,JAWA BARAT,3208,KABUPATEN KUNINGAN,KABUPATEN KUNINGAN,PKB DENDA,21783935000,RUPIAH,2015
157,32,JAWA BARAT,3209,KABUPATEN CIREBON,KABUPATEN CIREBON I SBR,PKB POKOK,1104164827500,RUPIAH,2015
158,32,JAWA BARAT,3209,KABUPATEN CIREBON,KABUPATEN CIREBON I SBR,PKB DENDA,42439336500,RUPIAH,2015
159,32,JAWA BARAT,3209,KABUPATEN CIREBON,KABUPATEN CIREBON II CLDG,PKB POKOK,507920695000,RUPIAH,2015
160,32,JAWA BARAT,3209,KABUPATEN CIREBON,KABUPATEN CIREBON II CLDG,PKB DENDA,20049508000,RUPIAH,2015
161,32,JAWA BARAT,3210,KABUPATEN MAJALENGKA,KABUPATEN MAJALENGKA,PKB POKOK,787557215500,RUPIAH,2015
162,32,JAWA BARAT,3210,KABUPATEN MAJALENGKA,KABUPATEN MAJALENGKA,PKB DENDA,26502921000,RUPIAH,2015
163,32,JAWA BARAT,3211,KABUPATEN SUMEDANG,KABUPATEN SUMEDANG,PKB POKOK,622000946000,RUPIAH,2015
164,32,JAWA BARAT,3211,KABUPATEN SUMEDANG,KABUPATEN SUMEDANG,PKB DENDA,22626242500,RUPIAH,2015
165,32,JAWA BARAT,3212,KABUPATEN INDRAMAYU,KABUPATEN INDRAMAYU I,PKB POKOK,818348223500,RUPIAH,2015
166,32,JAWA BARAT,3212,KABUPATEN INDRAMAYU,KABUPATEN INDRAMAYU I,PKB DENDA,36458005500,RUPIAH,2015
167,32,JAWA BARAT,3212,KABUPATEN INDRAMAYU,KABUPATEN INDRAMAYU II HRGLS,PKB POKOK,330837839000,RUPIAH,2015
168,32,JAWA BARAT,3212,KABUPATEN INDRAMAYU,KABUPATEN INDRAMAYU II HRGLS,PKB DENDA,15903842800,RUPIAH,2015
169,32,JAWA BARAT,3213,KABUPATEN SUBANG,KABUPATEN SUBANG,PKB POKOK,860240954000,RUPIAH,2015
170,32,JAWA BARAT,3213,KABUPATEN SUBANG,KABUPATEN SUBANG,PKB DENDA,38235244300,RUPIAH,2015
171,32,JAWA BARAT,3214,KABUPATEN PURWAKARTA,KABUPATEN PURWAKARTA,PKB POKOK,729017441000,RUPIAH,2015
172,32,JAWA BARAT,3214,KABUPATEN PURWAKARTA,KABUPATEN PURWAKARTA,PKB DENDA,34882551000,RUPIAH,2015
173,32,JAWA BARAT,3215,KABUPATEN KARAWANG,KABUPATEN KARAWANG,PKB POKOK,2116599623000,RUPIAH,2015
174,32,JAWA BARAT,3215,KABUPATEN KARAWANG,KABUPATEN KARAWANG,PKB DENDA,80366751000,RUPIAH,2015
175,32,JAWA BARAT,3216,KABUPATEN BEKASI,KABUPATEN BEKASI CKRG,PKB POKOK,4904181940000,RUPIAH,2015
176,32,JAWA BARAT,3216,KABUPATEN BEKASI,KABUPATEN BEKASI CKRG,PKB DENDA,185971874500,RUPIAH,2015
177,32,JAWA BARAT,3217,KABUPATEN BANDUNG BARAT,KABUPATEN BANDUNG BARAT PDLG,PKB POKOK,1521421575000,RUPIAH,2015
178,32,JAWA BARAT,3217,KABUPATEN BANDUNG BARAT,KABUPATEN BANDUNG BARAT PDLG,PKB DENDA,48510038000,RUPIAH,2015
179,32,JAWA BARAT,3218,KABUPATEN PANGANDARAN,KABUPATEN PANGANDARAN,PKB POKOK,194958189000,RUPIAH,2015
180,32,JAWA BARAT,3218,KABUPATEN PANGANDARAN,KABUPATEN PANGANDARAN,PKB DENDA,6215494000,RUPIAH,2015
181,32,JAWA BARAT,3271,KOTA BOGOR,KOTA BOGOR,PKB POKOK,2019074994000,RUPIAH,2015
182,32,JAWA BARAT,3271,KOTA BOGOR,KOTA BOGOR,PKB DENDA,70056490000,RUPIAH,2015
183,32,JAWA BARAT,3272,KOTA SUKABUMI,KOTA SUKABUMI,PKB POKOK,410538151500,RUPIAH,2015
184,32,JAWA BARAT,3272,KOTA SUKABUMI,KOTA SUKABUMI,PKB DENDA,16331334000,RUPIAH,2015
185,32,JAWA BARAT,3273,KOTA BANDUNG,KOTA BANDUNG I PJJRN,PKB POKOK,3320022235500,RUPIAH,2015
186,32,JAWA BARAT,3273,KOTA BANDUNG,KOTA BANDUNG I PJJRN,PKB DENDA,88212844500,RUPIAH,2015
187,32,JAWA BARAT,3273,KOTA BANDUNG,KOTA BANDUNG II KWLYN,PKB POKOK,3426060752500,RUPIAH,2015
188,32,JAWA BARAT,3273,KOTA BANDUNG,KOTA BANDUNG II KWLYN,PKB DENDA,98796864000,RUPIAH,2015
189,32,JAWA BARAT,3273,KOTA BANDUNG,KOTA BANDUNG III SOETA,PKB POKOK,2796069383500,RUPIAH,2015
190,32,JAWA BARAT,3273,KOTA BANDUNG,KOTA BANDUNG III SOETA,PKB DENDA,79706410000,RUPIAH,2015
191,32,JAWA BARAT,3274,KOTA CIREBON,KOTA CIREBON,PKB POKOK,828534644500,RUPIAH,2015
192,32,JAWA BARAT,3274,KOTA CIREBON,KOTA CIREBON,PKB DENDA,26353509300,RUPIAH,2015
193,32,JAWA BARAT,3275,KOTA BEKASI,KOTA BEKASI,PKB POKOK,7595615015500,RUPIAH,2015
194,32,JAWA BARAT,3275,KOTA BEKASI,KOTA BEKASI,PKB DENDA,277754166000,RUPIAH,2015
195,32,JAWA BARAT,3276,KOTA DEPOK,KOTA DEPOK I,PKB POKOK,2980873319500,RUPIAH,2015
196,32,JAWA BARAT,3276,KOTA DEPOK,KOTA DEPOK I,PKB DENDA,119637130000,RUPIAH,2015
197,32,JAWA BARAT,3276,KOTA DEPOK,KOTA DEPOK II CINERE,PKB POKOK,1538608012000,RUPIAH,2015
198,32,JAWA BARAT,3276,KOTA DEPOK,KOTA DEPOK II CINERE,PKB DENDA,61638374000,RUPIAH,2015
199,32,JAWA BARAT,3277,KOTA CIMAHI,KOTA CIMAHI,PKB POKOK,1077793178000,RUPIAH,2015
200,32,JAWA BARAT,3277,KOTA CIMAHI,KOTA CIMAHI,PKB DENDA,30041590750,RUPIAH,2015
201,32,JAWA BARAT,3278,KOTA TASIKMALAYA,KOTA TASIKMALAYA,PKB POKOK,679169988000,RUPIAH,2015
202,32,JAWA BARAT,3278,KOTA TASIKMALAYA,KOTA TASIKMALAYA,PKB DENDA,19466057000,RUPIAH,2015
203,32,JAWA BARAT,3279,KOTA BANJAR,KOTA BANJAR,PKB POKOK,152634404000,RUPIAH,2015
204,32,JAWA BARAT,3279,KOTA BANJAR,KOTA BANJAR,PKB DENDA,4503506000,RUPIAH,2015
205,32,JAWA BARAT,3201,KABUPATEN BOGOR,KABUPATEN BOGOR (CIBINONG),PKB POKOK,4774756747000,RUPIAH,2016
206,32,JAWA BARAT,3201,KABUPATEN BOGOR,KABUPATEN BOGOR (CIBINONG),PKB DENDA,164183429000,RUPIAH,2016
207,32,JAWA BARAT,3202,KABUPATEN SUKABUMI,KABUPATEN SUKABUMI I CBDK,PKB POKOK,954860486000,RUPIAH,2016
208,32,JAWA BARAT,3202,KABUPATEN SUKABUMI,KABUPATEN SUKABUMI I CBDK,PKB DENDA,36964328000,RUPIAH,2016
209,32,JAWA BARAT,3202,KABUPATEN SUKABUMI,KABUPATEN SUKABUMI II P.RATU,PKB POKOK,423093481500,RUPIAH,2016
210,32,JAWA BARAT,3202,KABUPATEN SUKABUMI,KABUPATEN SUKABUMI II P.RATU,PKB DENDA,19118099000,RUPIAH,2016
211,32,JAWA BARAT,3203,KABUPATEN CIANJUR,KABUPATEN CIANJUR,PKB POKOK,1194134972000,RUPIAH,2016
212,32,JAWA BARAT,3203,KABUPATEN CIANJUR,KABUPATEN CIANJUR,PKB DENDA,40202947000,RUPIAH,2016
213,32,JAWA BARAT,3204,KABUPATEN BANDUNG,KABUPATEN BANDUNG I RC.EKEK,PKB POKOK,2049230645500,RUPIAH,2016
214,32,JAWA BARAT,3204,KABUPATEN BANDUNG,KABUPATEN BANDUNG I RC.EKEK,PKB DENDA,58737702000,RUPIAH,2016
215,32,JAWA BARAT,3204,KABUPATEN BANDUNG,KABUPATEN BANDUNG II SOREANG,PKB POKOK,1582394976000,RUPIAH,2016
216,32,JAWA BARAT,3204,KABUPATEN BANDUNG,KABUPATEN BANDUNG II SOREANG,PKB DENDA,42521868500,RUPIAH,2016
217,32,JAWA BARAT,3205,KABUPATEN GARUT,KABUPATEN GARUT,PKB POKOK,1024010145000,RUPIAH,2016
218,32,JAWA BARAT,3205,KABUPATEN GARUT,KABUPATEN GARUT,PKB DENDA,31526698000,RUPIAH,2016
219,32,JAWA BARAT,3206,KABUPATEN TASIKMALAYA,KABUPATEN TASIKMALAYA,PKB POKOK,689849099000,RUPIAH,2016
220,32,JAWA BARAT,3206,KABUPATEN TASIKMALAYA,KABUPATEN TASIKMALAYA,PKB DENDA,16763822000,RUPIAH,2016
221,32,JAWA BARAT,3207,KABUPATEN CIAMIS,KABUPATEN CIAMIS I,PKB POKOK,678533605000,RUPIAH,2016
222,32,JAWA BARAT,3207,KABUPATEN CIAMIS,KABUPATEN CIAMIS I,PKB DENDA,14374467000,RUPIAH,2016
223,32,JAWA BARAT,3208,KABUPATEN KUNINGAN,KABUPATEN KUNINGAN,PKB POKOK,813863628000,RUPIAH,2016
224,32,JAWA BARAT,3208,KABUPATEN KUNINGAN,KABUPATEN KUNINGAN,PKB DENDA,20631216000,RUPIAH,2016
225,32,JAWA BARAT,3209,KABUPATEN CIREBON,KABUPATEN CIREBON I SBR,PKB POKOK,1293336612500,RUPIAH,2016
226,32,JAWA BARAT,3209,KABUPATEN CIREBON,KABUPATEN CIREBON I SBR,PKB DENDA,37803402000,RUPIAH,2016
227,32,JAWA BARAT,3209,KABUPATEN CIREBON,KABUPATEN CIREBON II CLDG,PKB POKOK,527512063500,RUPIAH,2016
228,32,JAWA BARAT,3209,KABUPATEN CIREBON,KABUPATEN CIREBON II CLDG,PKB DENDA,16608360000,RUPIAH,2016
229,32,JAWA BARAT,3210,KABUPATEN MAJALENGKA,KABUPATEN MAJALENGKA,PKB POKOK,899183359000,RUPIAH,2016
230,32,JAWA BARAT,3210,KABUPATEN MAJALENGKA,KABUPATEN MAJALENGKA,PKB DENDA,24712879000,RUPIAH,2016
231,32,JAWA BARAT,3211,KABUPATEN SUMEDANG,KABUPATEN SUMEDANG,PKB POKOK,715318702500,RUPIAH,2016
232,32,JAWA BARAT,3211,KABUPATEN SUMEDANG,KABUPATEN SUMEDANG,PKB DENDA,20521237500,RUPIAH,2016
233,32,JAWA BARAT,3212,KABUPATEN INDRAMAYU,KABUPATEN INDRAMAYU I,PKB POKOK,941930073500,RUPIAH,2016
234,32,JAWA BARAT,3212,KABUPATEN INDRAMAYU,KABUPATEN INDRAMAYU I,PKB DENDA,30869897500,RUPIAH,2016
235,32,JAWA BARAT,3212,KABUPATEN INDRAMAYU,KABUPATEN INDRAMAYU II HRGLS,PKB POKOK,368930640000,RUPIAH,2016
236,32,JAWA BARAT,3212,KABUPATEN INDRAMAYU,KABUPATEN INDRAMAYU II HRGLS,PKB DENDA,13541880400,RUPIAH,2016
237,32,JAWA BARAT,3213,KABUPATEN SUBANG,KABUPATEN SUBANG,PKB POKOK,979373301500,RUPIAH,2016
238,32,JAWA BARAT,3213,KABUPATEN SUBANG,KABUPATEN SUBANG,PKB DENDA,34168731500,RUPIAH,2016
239,32,JAWA BARAT,3214,KABUPATEN PURWAKARTA,KABUPATEN PURWAKARTA,PKB POKOK,870914393000,RUPIAH,2016
240,32,JAWA BARAT,3214,KABUPATEN PURWAKARTA,KABUPATEN PURWAKARTA,PKB DENDA,34194150000,RUPIAH,2016
241,32,JAWA BARAT,3215,KABUPATEN KARAWANG,KABUPATEN KARAWANG,PKB POKOK,2502837049000,RUPIAH,2016
242,32,JAWA BARAT,3215,KABUPATEN KARAWANG,KABUPATEN KARAWANG,PKB DENDA,76041364000,RUPIAH,2016
243,32,JAWA BARAT,3216,KABUPATEN BEKASI,KABUPATEN BEKASI CKRG,PKB POKOK,5807585594500,RUPIAH,2016
244,32,JAWA BARAT,3216,KABUPATEN BEKASI,KABUPATEN BEKASI CKRG,PKB DENDA,191727647500,RUPIAH,2016
245,32,JAWA BARAT,3217,KABUPATEN BANDUNG BARAT,KABUPATEN BANDUNG BARAT PDLG,PKB POKOK,1764190968500,RUPIAH,2016
246,32,JAWA BARAT,3217,KABUPATEN BANDUNG BARAT,KABUPATEN BANDUNG BARAT PDLG,PKB DENDA,47362012500,RUPIAH,2016
247,32,JAWA BARAT,3218,KABUPATEN PANGANDARAN,KABUPATEN PANGANDARAN,PKB POKOK,223588225000,RUPIAH,2016
248,32,JAWA BARAT,3218,KABUPATEN PANGANDARAN,KABUPATEN PANGANDARAN,PKB DENDA,5242808500,RUPIAH,2016
249,32,JAWA BARAT,3271,KOTA BOGOR,KOTA BOGOR,PKB POKOK,2350300556000,RUPIAH,2016
250,32,JAWA BARAT,3271,KOTA BOGOR,KOTA BOGOR,PKB DENDA,69947906000,RUPIAH,2016
251,32,JAWA BARAT,3272,KOTA SUKABUMI,KOTA SUKABUMI,PKB POKOK,481061457000,RUPIAH,2016
252,32,JAWA BARAT,3272,KOTA SUKABUMI,KOTA SUKABUMI,PKB DENDA,15721734000,RUPIAH,2016
253,32,JAWA BARAT,3273,KOTA BANDUNG,KOTA BANDUNG I PJJRN,PKB POKOK,3692322478500,RUPIAH,2016
254,32,JAWA BARAT,3273,KOTA BANDUNG,KOTA BANDUNG I PJJRN,PKB DENDA,83998386000,RUPIAH,2016
255,32,JAWA BARAT,3273,KOTA BANDUNG,KOTA BANDUNG II KWLYN,PKB POKOK,3847494090000,RUPIAH,2016
256,32,JAWA BARAT,3273,KOTA BANDUNG,KOTA BANDUNG II KWLYN,PKB DENDA,97450263000,RUPIAH,2016
257,32,JAWA BARAT,3273,KOTA BANDUNG,KOTA BANDUNG III SOETA,PKB POKOK,3200600336000,RUPIAH,2016
258,32,JAWA BARAT,3273,KOTA BANDUNG,KOTA BANDUNG III SOETA,PKB DENDA,74845661000,RUPIAH,2016
259,32,JAWA BARAT,3274,KOTA CIREBON,KOTA CIREBON,PKB POKOK,940284257500,RUPIAH,2016
260,32,JAWA BARAT,3274,KOTA CIREBON,KOTA CIREBON,PKB DENDA,24493125000,RUPIAH,2016
261,32,JAWA BARAT,3275,KOTA BEKASI,KOTA BEKASI,PKB POKOK,8766945093500,RUPIAH,2016
262,32,JAWA BARAT,3275,KOTA BEKASI,KOTA BEKASI,PKB DENDA,274044214250,RUPIAH,2016
263,32,JAWA BARAT,3276,KOTA DEPOK,KOTA DEPOK I,PKB POKOK,3500073619000,RUPIAH,2016
264,32,JAWA BARAT,3276,KOTA DEPOK,KOTA DEPOK I,PKB DENDA,116058097000,RUPIAH,2016
265,32,JAWA BARAT,3276,KOTA DEPOK,KOTA DEPOK II CINERE,PKB POKOK,1819459721500,RUPIAH,2016
266,32,JAWA BARAT,3276,KOTA DEPOK,KOTA DEPOK II CINERE,PKB DENDA,60868639000,RUPIAH,2016
267,32,JAWA BARAT,3277,KOTA CIMAHI,KOTA CIMAHI,PKB POKOK,1230519392000,RUPIAH,2016
268,32,JAWA BARAT,3277,KOTA CIMAHI,KOTA CIMAHI,PKB DENDA,28740867500,RUPIAH,2016
269,32,JAWA BARAT,3278,KOTA TASIKMALAYA,KOTA TASIKMALAYA,PKB POKOK,772591754000,RUPIAH,2016
270,32,JAWA BARAT,3278,KOTA TASIKMALAYA,KOTA TASIKMALAYA,PKB DENDA,17968796000,RUPIAH,2016
271,32,JAWA BARAT,3279,KOTA BANJAR,KOTA BANJAR,PKB POKOK,170947693000,RUPIAH,2016
272,32,JAWA BARAT,3279,KOTA BANJAR,KOTA BANJAR,PKB DENDA,3721856350,RUPIAH,2016
273,32,JAWA BARAT,3201,KABUPATEN BOGOR,KABUPATEN BOGOR (CIBINONG),PKB POKOK,5262484094500,RUPIAH,2017
274,32,JAWA BARAT,3201,KABUPATEN BOGOR,KABUPATEN BOGOR (CIBINONG),PKB DENDA,245784781000,RUPIAH,2017
275,32,JAWA BARAT,3202,KABUPATEN SUKABUMI,KABUPATEN SUKABUMI I CBDK,PKB POKOK,991611228500,RUPIAH,2017
276,32,JAWA BARAT,3202,KABUPATEN SUKABUMI,KABUPATEN SUKABUMI I CBDK,PKB DENDA,50780715000,RUPIAH,2017
277,32,JAWA BARAT,3202,KABUPATEN SUKABUMI,KABUPATEN SUKABUMI II P.RATU,PKB POKOK,418769234000,RUPIAH,2017
278,32,JAWA BARAT,3202,KABUPATEN SUKABUMI,KABUPATEN SUKABUMI II P.RATU,PKB DENDA,24421488000,RUPIAH,2017
279,32,JAWA BARAT,3203,KABUPATEN CIANJUR,KABUPATEN CIANJUR,PKB POKOK,1228700540000,RUPIAH,2017
280,32,JAWA BARAT,3203,KABUPATEN CIANJUR,KABUPATEN CIANJUR,PKB DENDA,53438405000,RUPIAH,2017
281,32,JAWA BARAT,3204,KABUPATEN BANDUNG,KABUPATEN BANDUNG I RC.EKEK,PKB POKOK,2166638436000,RUPIAH,2017
282,32,JAWA BARAT,3204,KABUPATEN BANDUNG,KABUPATEN BANDUNG I RC.EKEK,PKB DENDA,76808972000,RUPIAH,2017
283,32,JAWA BARAT,3204,KABUPATEN BANDUNG,KABUPATEN BANDUNG II SOREANG,PKB POKOK,1687440908000,RUPIAH,2017
284,32,JAWA BARAT,3204,KABUPATEN BANDUNG,KABUPATEN BANDUNG II SOREANG,PKB DENDA,57042423000,RUPIAH,2017
285,32,JAWA BARAT,3205,KABUPATEN GARUT,KABUPATEN GARUT,PKB POKOK,1066067460000,RUPIAH,2017
286,32,JAWA BARAT,3205,KABUPATEN GARUT,KABUPATEN GARUT,PKB DENDA,41789608000,RUPIAH,2017
287,32,JAWA BARAT,3206,KABUPATEN TASIKMALAYA,KABUPATEN TASIKMALAYA,PKB POKOK,720440779000,RUPIAH,2017
288,32,JAWA BARAT,3206,KABUPATEN TASIKMALAYA,KABUPATEN TASIKMALAYA,PKB DENDA,23131841000,RUPIAH,2017
289,32,JAWA BARAT,3207,KABUPATEN CIAMIS,KABUPATEN CIAMIS I,PKB POKOK,697847044000,RUPIAH,2017
290,32,JAWA BARAT,3207,KABUPATEN CIAMIS,KABUPATEN CIAMIS I,PKB DENDA,19542540000,RUPIAH,2017
291,32,JAWA BARAT,3208,KABUPATEN KUNINGAN,KABUPATEN KUNINGAN,PKB POKOK,851422386000,RUPIAH,2017
292,32,JAWA BARAT,3208,KABUPATEN KUNINGAN,KABUPATEN KUNINGAN,PKB DENDA,27958854000,RUPIAH,2017
293,32,JAWA BARAT,3209,KABUPATEN CIREBON,KABUPATEN CIREBON I SBR,PKB POKOK,1376606234000,RUPIAH,2017
294,32,JAWA BARAT,3209,KABUPATEN CIREBON,KABUPATEN CIREBON I SBR,PKB DENDA,51327910000,RUPIAH,2017
295,32,JAWA BARAT,3209,KABUPATEN CIREBON,KABUPATEN CIREBON II CLDG,PKB POKOK,553212453500,RUPIAH,2017
296,32,JAWA BARAT,3209,KABUPATEN CIREBON,KABUPATEN CIREBON II CLDG,PKB DENDA,23229907000,RUPIAH,2017
297,32,JAWA BARAT,3210,KABUPATEN MAJALENGKA,KABUPATEN MAJALENGKA,PKB POKOK,921757724000,RUPIAH,2017
298,32,JAWA BARAT,3210,KABUPATEN MAJALENGKA,KABUPATEN MAJALENGKA,PKB DENDA,32184385000,RUPIAH,2017
299,32,JAWA BARAT,3211,KABUPATEN SUMEDANG,KABUPATEN SUMEDANG,PKB POKOK,747566990800,RUPIAH,2017
300,32,JAWA BARAT,3211,KABUPATEN SUMEDANG,KABUPATEN SUMEDANG,PKB DENDA,26608615000,RUPIAH,2017
301,32,JAWA BARAT,3212,KABUPATEN INDRAMAYU,KABUPATEN INDRAMAYU I,PKB POKOK,972108699000,RUPIAH,2017
302,32,JAWA BARAT,3212,KABUPATEN INDRAMAYU,KABUPATEN INDRAMAYU I,PKB DENDA,41669472000,RUPIAH,2017
303,32,JAWA BARAT,3212,KABUPATEN INDRAMAYU,KABUPATEN INDRAMAYU II HRGLS,PKB POKOK,382209610000,RUPIAH,2017
304,32,JAWA BARAT,3212,KABUPATEN INDRAMAYU,KABUPATEN INDRAMAYU II HRGLS,PKB DENDA,18011587000,RUPIAH,2017
305,32,JAWA BARAT,3213,KABUPATEN SUBANG,KABUPATEN SUBANG,PKB POKOK,1038979691000,RUPIAH,2017
306,32,JAWA BARAT,3213,KABUPATEN SUBANG,KABUPATEN SUBANG,PKB DENDA,47595350000,RUPIAH,2017
307,32,JAWA BARAT,3214,KABUPATEN PURWAKARTA,KABUPATEN PURWAKARTA,PKB POKOK,913422833000,RUPIAH,2017
308,32,JAWA BARAT,3214,KABUPATEN PURWAKARTA,KABUPATEN PURWAKARTA,PKB DENDA,43916329000,RUPIAH,2017
309,32,JAWA BARAT,3215,KABUPATEN KARAWANG,KABUPATEN KARAWANG,PKB POKOK,2697126734000,RUPIAH,2017
310,32,JAWA BARAT,3215,KABUPATEN KARAWANG,KABUPATEN KARAWANG,PKB DENDA,106626659000,RUPIAH,2017
311,32,JAWA BARAT,3216,KABUPATEN BEKASI,KABUPATEN BEKASI CKRG,PKB POKOK,6383902065250,RUPIAH,2017
312,32,JAWA BARAT,3216,KABUPATEN BEKASI,KABUPATEN BEKASI CKRG,PKB DENDA,294527122000,RUPIAH,2017
313,32,JAWA BARAT,3217,KABUPATEN BANDUNG BARAT,KABUPATEN BANDUNG BARAT PDLG,PKB POKOK,1864835794120,RUPIAH,2017
314,32,JAWA BARAT,3217,KABUPATEN BANDUNG BARAT,KABUPATEN BANDUNG BARAT PDLG,PKB DENDA,61811772000,RUPIAH,2017
315,32,JAWA BARAT,3218,KABUPATEN PANGANDARAN,KABUPATEN PANGANDARAN,PKB POKOK,226879547000,RUPIAH,2017
316,32,JAWA BARAT,3218,KABUPATEN PANGANDARAN,KABUPATEN PANGANDARAN,PKB DENDA,6838419500,RUPIAH,2017
317,32,JAWA BARAT,3271,KOTA BOGOR,KOTA BOGOR,PKB POKOK,2490722008000,RUPIAH,2017
318,32,JAWA BARAT,3271,KOTA BOGOR,KOTA BOGOR,PKB DENDA,98546852000,RUPIAH,2017
319,32,JAWA BARAT,3272,KOTA SUKABUMI,KOTA SUKABUMI,PKB POKOK,501515498000,RUPIAH,2017
320,32,JAWA BARAT,3272,KOTA SUKABUMI,KOTA SUKABUMI,PKB DENDA,20806782000,RUPIAH,2017
321,32,JAWA BARAT,3273,KOTA BANDUNG,KOTA BANDUNG I PJJRN,PKB POKOK,3786812998500,RUPIAH,2017
322,32,JAWA BARAT,3273,KOTA BANDUNG,KOTA BANDUNG I PJJRN,PKB DENDA,107279014000,RUPIAH,2017
323,32,JAWA BARAT,3273,KOTA BANDUNG,KOTA BANDUNG II KWLYN,PKB POKOK,3910486636000,RUPIAH,2017
324,32,JAWA BARAT,3273,KOTA BANDUNG,KOTA BANDUNG II KWLYN,PKB DENDA,123445517000,RUPIAH,2017
325,32,JAWA BARAT,3273,KOTA BANDUNG,KOTA BANDUNG III SOETA,PKB POKOK,3298917225000,RUPIAH,2017
326,32,JAWA BARAT,3273,KOTA BANDUNG,KOTA BANDUNG III SOETA,PKB DENDA,99804652000,RUPIAH,2017
327,32,JAWA BARAT,3274,KOTA CIREBON,KOTA CIREBON,PKB POKOK,972168900000,RUPIAH,2017
328,32,JAWA BARAT,3274,KOTA CIREBON,KOTA CIREBON,PKB DENDA,31776503000,RUPIAH,2017
329,32,JAWA BARAT,3275,KOTA BEKASI,KOTA BEKASI,PKB POKOK,9351114043250,RUPIAH,2017
330,32,JAWA BARAT,3275,KOTA BEKASI,KOTA BEKASI,PKB DENDA,427108658000,RUPIAH,2017
331,32,JAWA BARAT,3276,KOTA DEPOK,KOTA DEPOK I,PKB POKOK,3643515063000,RUPIAH,2017
332,32,JAWA BARAT,3276,KOTA DEPOK,KOTA DEPOK I,PKB DENDA,170057995000,RUPIAH,2017
333,32,JAWA BARAT,3276,KOTA DEPOK,KOTA DEPOK II CINERE,PKB POKOK,1914894873000,RUPIAH,2017
334,32,JAWA BARAT,3276,KOTA DEPOK,KOTA DEPOK II CINERE,PKB DENDA,94538530000,RUPIAH,2017
335,32,JAWA BARAT,3277,KOTA CIMAHI,KOTA CIMAHI,PKB POKOK,1309494338500,RUPIAH,2017
336,32,JAWA BARAT,3277,KOTA CIMAHI,KOTA CIMAHI,PKB DENDA,38820417000,RUPIAH,2017
337,32,JAWA BARAT,3278,KOTA TASIKMALAYA,KOTA TASIKMALAYA,PKB POKOK,815861742000,RUPIAH,2017
338,32,JAWA BARAT,3278,KOTA TASIKMALAYA,KOTA TASIKMALAYA,PKB DENDA,24853584000,RUPIAH,2017
339,32,JAWA BARAT,3279,KOTA BANJAR,KOTA BANJAR,PKB POKOK,174915144000,RUPIAH,2017
340,32,JAWA BARAT,3279,KOTA BANJAR,KOTA BANJAR,PKB DENDA,4940142000,RUPIAH,2017
341,32,JAWA BARAT,3201,KABUPATEN BOGOR,KABUPATEN BOGOR (CIBINONG),PKB POKOK,626616003000,RUPIAH,2018
342,32,JAWA BARAT,3201,KABUPATEN BOGOR,KABUPATEN BOGOR (CIBINONG),PKB DENDA,50524069000,RUPIAH,2018
343,32,JAWA BARAT,3202,KABUPATEN SUKABUMI,KABUPATEN SUKABUMI I CBDK,PKB POKOK,110601567000,RUPIAH,2018
344,32,JAWA BARAT,3202,KABUPATEN SUKABUMI,KABUPATEN SUKABUMI I CBDK,PKB DENDA,8027875000,RUPIAH,2018
345,32,JAWA BARAT,3202,KABUPATEN SUKABUMI,KABUPATEN SUKABUMI II P.RATU,PKB POKOK,46180946000,RUPIAH,2018
346,32,JAWA BARAT,3202,KABUPATEN SUKABUMI,KABUPATEN SUKABUMI II P.RATU,PKB DENDA,3586156000,RUPIAH,2018
347,32,JAWA BARAT,3203,KABUPATEN CIANJUR,KABUPATEN CIANJUR,PKB POKOK,136357891000,RUPIAH,2018
348,32,JAWA BARAT,3203,KABUPATEN CIANJUR,KABUPATEN CIANJUR,PKB DENDA,9165402000,RUPIAH,2018
349,32,JAWA BARAT,3204,KABUPATEN BANDUNG,KABUPATEN BANDUNG I RC.EKEK,PKB POKOK,220794911000,RUPIAH,2018
350,32,JAWA BARAT,3204,KABUPATEN BANDUNG,KABUPATEN BANDUNG I RC.EKEK,PKB DENDA,11489580000,RUPIAH,2018
351,32,JAWA BARAT,3204,KABUPATEN BANDUNG,KABUPATEN BANDUNG II SOREANG,PKB POKOK,176683063000,RUPIAH,2018
352,32,JAWA BARAT,3204,KABUPATEN BANDUNG,KABUPATEN BANDUNG II SOREANG,PKB DENDA,8189354000,RUPIAH,2018
353,32,JAWA BARAT,3205,KABUPATEN GARUT,KABUPATEN GARUT,PKB POKOK,112949532000,RUPIAH,2018
354,32,JAWA BARAT,3205,KABUPATEN GARUT,KABUPATEN GARUT,PKB DENDA,6749170000,RUPIAH,2018
355,32,JAWA BARAT,3206,KABUPATEN TASIKMALAYA,KABUPATEN TASIKMALAYA,PKB POKOK,69607576000,RUPIAH,2018
356,32,JAWA BARAT,3206,KABUPATEN TASIKMALAYA,KABUPATEN TASIKMALAYA,PKB DENDA,3137814000,RUPIAH,2018
357,32,JAWA BARAT,3207,KABUPATEN CIAMIS,KABUPATEN CIAMIS I,PKB POKOK,71403459000,RUPIAH,2018
358,32,JAWA BARAT,3207,KABUPATEN CIAMIS,KABUPATEN CIAMIS I,PKB DENDA,3002511000,RUPIAH,2018
359,32,JAWA BARAT,3208,KABUPATEN KUNINGAN,KABUPATEN KUNINGAN,PKB POKOK,92477948000,RUPIAH,2018
360,32,JAWA BARAT,3208,KABUPATEN KUNINGAN,KABUPATEN KUNINGAN,PKB DENDA,4714923000,RUPIAH,2018
361,32,JAWA BARAT,3209,KABUPATEN CIREBON,KABUPATEN CIREBON I SBR,PKB POKOK,143732504000,RUPIAH,2018
362,32,JAWA BARAT,3209,KABUPATEN CIREBON,KABUPATEN CIREBON I SBR,PKB DENDA,7419313000,RUPIAH,2018
363,32,JAWA BARAT,3209,KABUPATEN CIREBON,KABUPATEN CIREBON II CLDG,PKB POKOK,61790524000,RUPIAH,2018
364,32,JAWA BARAT,3209,KABUPATEN CIREBON,KABUPATEN CIREBON II CLDG,PKB DENDA,3871345000,RUPIAH,2018
365,32,JAWA BARAT,3210,KABUPATEN MAJALENGKA,KABUPATEN MAJALENGKA,PKB POKOK,93395473000,RUPIAH,2018
366,32,JAWA BARAT,3210,KABUPATEN MAJALENGKA,KABUPATEN MAJALENGKA,PKB DENDA,4447177000,RUPIAH,2018
367,32,JAWA BARAT,3211,KABUPATEN SUMEDANG,KABUPATEN SUMEDANG,PKB POKOK,80422197000,RUPIAH,2018
368,32,JAWA BARAT,3211,KABUPATEN SUMEDANG,KABUPATEN SUMEDANG,PKB DENDA,3707152000,RUPIAH,2018
369,32,JAWA BARAT,3212,KABUPATEN INDRAMAYU,KABUPATEN INDRAMAYU I,PKB POKOK,110688639000,RUPIAH,2018
370,32,JAWA BARAT,3212,KABUPATEN INDRAMAYU,KABUPATEN INDRAMAYU I,PKB DENDA,6675659500,RUPIAH,2018
371,32,JAWA BARAT,3212,KABUPATEN INDRAMAYU,KABUPATEN INDRAMAYU II HRGLS,PKB POKOK,42669662000,RUPIAH,2018
372,32,JAWA BARAT,3212,KABUPATEN INDRAMAYU,KABUPATEN INDRAMAYU II HRGLS,PKB DENDA,2984066000,RUPIAH,2018
373,32,JAWA BARAT,3213,KABUPATEN SUBANG,KABUPATEN SUBANG,PKB POKOK,123563616000,RUPIAH,2018
374,32,JAWA BARAT,3213,KABUPATEN SUBANG,KABUPATEN SUBANG,PKB DENDA,7478668000,RUPIAH,2018
375,32,JAWA BARAT,3214,KABUPATEN PURWAKARTA,KABUPATEN PURWAKARTA,PKB POKOK,104881511000,RUPIAH,2018
376,32,JAWA BARAT,3214,KABUPATEN PURWAKARTA,KABUPATEN PURWAKARTA,PKB DENDA,7224233000,RUPIAH,2018
377,32,JAWA BARAT,3215,KABUPATEN KARAWANG,KABUPATEN KARAWANG,PKB POKOK,322485932000,RUPIAH,2018
378,32,JAWA BARAT,3215,KABUPATEN KARAWANG,KABUPATEN KARAWANG,PKB DENDA,20458502000,RUPIAH,2018
379,32,JAWA BARAT,3216,KABUPATEN BEKASI,KABUPATEN BEKASI CKRG,PKB POKOK,758849572000,RUPIAH,2018
380,32,JAWA BARAT,3216,KABUPATEN BEKASI,KABUPATEN BEKASI CKRG,PKB DENDA,61064918000,RUPIAH,2018
381,32,JAWA BARAT,3217,KABUPATEN BANDUNG BARAT,KABUPATEN BANDUNG BARAT PDLG,PKB POKOK,186767432000,RUPIAH,2018
382,32,JAWA BARAT,3217,KABUPATEN BANDUNG BARAT,KABUPATEN BANDUNG BARAT PDLG,PKB DENDA,8649146000,RUPIAH,2018
383,32,JAWA BARAT,3218,KABUPATEN PANGANDARAN,KABUPATEN PANGANDARAN,PKB POKOK,20240039000,RUPIAH,2018
384,32,JAWA BARAT,3218,KABUPATEN PANGANDARAN,KABUPATEN PANGANDARAN,PKB DENDA,905060000,RUPIAH,2018
385,32,JAWA BARAT,3271,KOTA BOGOR,KOTA BOGOR,PKB POKOK,270387044000,RUPIAH,2018
386,32,JAWA BARAT,3271,KOTA BOGOR,KOTA BOGOR,PKB DENDA,18903955000,RUPIAH,2018
387,32,JAWA BARAT,3272,KOTA SUKABUMI,KOTA SUKABUMI,PKB POKOK,54248277000,RUPIAH,2018
388,32,JAWA BARAT,3272,KOTA SUKABUMI,KOTA SUKABUMI,PKB DENDA,3109863500,RUPIAH,2018
389,32,JAWA BARAT,3273,KOTA BANDUNG,KOTA BANDUNG I PJJRN,PKB POKOK,344750855000,RUPIAH,2018
390,32,JAWA BARAT,3273,KOTA BANDUNG,KOTA BANDUNG I PJJRN,PKB DENDA,14226034000,RUPIAH,2018
391,32,JAWA BARAT,3273,KOTA BANDUNG,KOTA BANDUNG II KWLYN,PKB POKOK,358715545000,RUPIAH,2018
392,32,JAWA BARAT,3273,KOTA BANDUNG,KOTA BANDUNG II KWLYN,PKB DENDA,16893253000,RUPIAH,2018
393,32,JAWA BARAT,3273,KOTA BANDUNG,KOTA BANDUNG III SOETA,PKB POKOK,323942713000,RUPIAH,2018
394,32,JAWA BARAT,3273,KOTA BANDUNG,KOTA BANDUNG III SOETA,PKB DENDA,14007326000,RUPIAH,2018
395,32,JAWA BARAT,3274,KOTA CIREBON,KOTA CIREBON,PKB POKOK,99636250000,RUPIAH,2018
396,32,JAWA BARAT,3274,KOTA CIREBON,KOTA CIREBON,PKB DENDA,4289789000,RUPIAH,2018
397,32,JAWA BARAT,3275,KOTA BEKASI,KOTA BEKASI,PKB POKOK,1027815214000,RUPIAH,2018
398,32,JAWA BARAT,3275,KOTA BEKASI,KOTA BEKASI,PKB DENDA,85403909000,RUPIAH,2018
399,32,JAWA BARAT,3276,KOTA DEPOK,KOTA DEPOK I,PKB POKOK,409934918000,RUPIAH,2018
400,32,JAWA BARAT,3276,KOTA DEPOK,KOTA DEPOK I,PKB DENDA,35517361000,RUPIAH,2018
401,32,JAWA BARAT,3276,KOTA DEPOK,KOTA DEPOK II CINERE,PKB POKOK,217450647000,RUPIAH,2018
402,32,JAWA BARAT,3276,KOTA DEPOK,KOTA DEPOK II CINERE,PKB DENDA,19550847000,RUPIAH,2018
403,32,JAWA BARAT,3277,KOTA CIMAHI,KOTA CIMAHI,PKB POKOK,125885049000,RUPIAH,2018
404,32,JAWA BARAT,3277,KOTA CIMAHI,KOTA CIMAHI,PKB DENDA,5581853000,RUPIAH,2018
405,32,JAWA BARAT,3278,KOTA TASIKMALAYA,KOTA TASIKMALAYA,PKB POKOK,79629669000,RUPIAH,2018
406,32,JAWA BARAT,3278,KOTA TASIKMALAYA,KOTA TASIKMALAYA,PKB DENDA,3701793000,RUPIAH,2018
407,32,JAWA BARAT,3279,KOTA BANJAR,KOTA BANJAR,PKB POKOK,16183184000,RUPIAH,2018
408,32,JAWA BARAT,3279,KOTA BANJAR,KOTA BANJAR,PKB DENDA,519642000,RUPIAH,2018
409,32,JAWA BARAT,3201,KABUPATEN BOGOR,KABUPATEN BOGOR (CIBINONG),PKB POKOK,690470279500,RUPIAH,2019
410,32,JAWA BARAT,3201,KABUPATEN BOGOR,KABUPATEN BOGOR (CIBINONG),PKB DENDA,26652736000,RUPIAH,2019
411,32,JAWA BARAT,3202,KABUPATEN SUKABUMI,KABUPATEN SUKABUMI I CBDK,PKB POKOK,129301874100,RUPIAH,2019
412,32,JAWA BARAT,3202,KABUPATEN SUKABUMI,KABUPATEN SUKABUMI I CBDK,PKB DENDA,5404547800,RUPIAH,2019
413,32,JAWA BARAT,3202,KABUPATEN SUKABUMI,KABUPATEN SUKABUMI II P.RATU,PKB POKOK,53943230600,RUPIAH,2019
414,32,JAWA BARAT,3202,KABUPATEN SUKABUMI,KABUPATEN SUKABUMI II P.RATU,PKB DENDA,2574054100,RUPIAH,2019
415,32,JAWA BARAT,3203,KABUPATEN CIANJUR,KABUPATEN CIANJUR,PKB POKOK,162411915200,RUPIAH,2019
416,32,JAWA BARAT,3203,KABUPATEN CIANJUR,KABUPATEN CIANJUR,PKB DENDA,6071731600,RUPIAH,2019
417,32,JAWA BARAT,3204,KABUPATEN BANDUNG,KABUPATEN BANDUNG I RC.EKEK,PKB POKOK,217837782300,RUPIAH,2019
418,32,JAWA BARAT,3204,KABUPATEN BANDUNG,KABUPATEN BANDUNG I RC.EKEK,PKB DENDA,6122327400,RUPIAH,2019
419,32,JAWA BARAT,3204,KABUPATEN BANDUNG,KABUPATEN BANDUNG II SOREANG,PKB POKOK,238860117450,RUPIAH,2019
420,32,JAWA BARAT,3204,KABUPATEN BANDUNG,KABUPATEN BANDUNG II SOREANG,PKB DENDA,6923597200,RUPIAH,2019
421,32,JAWA BARAT,3205,KABUPATEN GARUT,KABUPATEN GARUT,PKB POKOK,135829932900,RUPIAH,2019
422,32,JAWA BARAT,3205,KABUPATEN GARUT,KABUPATEN GARUT,PKB DENDA,4521840860,RUPIAH,2019
423,32,JAWA BARAT,3206,KABUPATEN TASIKMALAYA,KABUPATEN TASIKMALAYA,PKB POKOK,90740611800,RUPIAH,2019
424,32,JAWA BARAT,3206,KABUPATEN TASIKMALAYA,KABUPATEN TASIKMALAYA,PKB DENDA,2484966700,RUPIAH,2019
425,32,JAWA BARAT,3207,KABUPATEN CIAMIS,KABUPATEN CIAMIS I,PKB POKOK,84612262800,RUPIAH,2019
426,32,JAWA BARAT,3207,KABUPATEN CIAMIS,KABUPATEN CIAMIS I,PKB DENDA,2240395000,RUPIAH,2019
427,32,JAWA BARAT,3218,KABUPATEN PANGANDARAN,KABUPATEN PANGANDARAN,PKB POKOK,27533004300,RUPIAH,2019
428,32,JAWA BARAT,3218,KABUPATEN PANGANDARAN,KABUPATEN PANGANDARAN,PKB DENDA,808520300,RUPIAH,2019
429,32,JAWA BARAT,3208,KABUPATEN KUNINGAN,KABUPATEN KUNINGAN,PKB POKOK,106327069200,RUPIAH,2019
430,32,JAWA BARAT,3208,KABUPATEN KUNINGAN,KABUPATEN KUNINGAN,PKB DENDA,3056935000,RUPIAH,2019
431,32,JAWA BARAT,3209,KABUPATEN CIREBON,KABUPATEN CIREBON I SBR,PKB POKOK,174371600400,RUPIAH,2019
432,32,JAWA BARAT,3209,KABUPATEN CIREBON,KABUPATEN CIREBON I SBR,PKB DENDA,5362031500,RUPIAH,2019
433,32,JAWA BARAT,3209,KABUPATEN CIREBON,KABUPATEN CIREBON II CLDG,PKB POKOK,70112842550,RUPIAH,2019
434,32,JAWA BARAT,3209,KABUPATEN CIREBON,KABUPATEN CIREBON II CLDG,PKB DENDA,2625626500,RUPIAH,2019
435,32,JAWA BARAT,3210,KABUPATEN MAJALENGKA,KABUPATEN MAJALENGKA,PKB POKOK,113582899100,RUPIAH,2019
436,32,JAWA BARAT,3210,KABUPATEN MAJALENGKA,KABUPATEN MAJALENGKA,PKB DENDA,3624916350,RUPIAH,2019
437,32,JAWA BARAT,3211,KABUPATEN SUMEDANG,KABUPATEN SUMEDANG,PKB POKOK,95433847600,RUPIAH,2019
438,32,JAWA BARAT,3211,KABUPATEN SUMEDANG,KABUPATEN SUMEDANG,PKB DENDA,2898393800,RUPIAH,2019
439,32,JAWA BARAT,3212,KABUPATEN INDRAMAYU,KABUPATEN INDRAMAYU I,PKB POKOK,126549483800,RUPIAH,2019
440,32,JAWA BARAT,3212,KABUPATEN INDRAMAYU,KABUPATEN INDRAMAYU I,PKB DENDA,4408492620,RUPIAH,2019
441,32,JAWA BARAT,3212,KABUPATEN INDRAMAYU,KABUPATEN INDRAMAYU II HRGLS,PKB POKOK,49458456600,RUPIAH,2019
442,32,JAWA BARAT,3212,KABUPATEN INDRAMAYU,KABUPATEN INDRAMAYU II HRGLS,PKB DENDA,1835777700,RUPIAH,2019
443,32,JAWA BARAT,3213,KABUPATEN SUBANG,KABUPATEN SUBANG,PKB POKOK,142720017900,RUPIAH,2019
444,32,JAWA BARAT,3213,KABUPATEN SUBANG,KABUPATEN SUBANG,PKB DENDA,5011828800,RUPIAH,2019
445,32,JAWA BARAT,3214,KABUPATEN PURWAKARTA,KABUPATEN PURWAKARTA,PKB POKOK,122229680200,RUPIAH,2019
446,32,JAWA BARAT,3214,KABUPATEN PURWAKARTA,KABUPATEN PURWAKARTA,PKB DENDA,4665107700,RUPIAH,2019
447,32,JAWA BARAT,3215,KABUPATEN KARAWANG,KABUPATEN KARAWANG,PKB POKOK,362419671000,RUPIAH,2019
448,32,JAWA BARAT,3215,KABUPATEN KARAWANG,KABUPATEN KARAWANG,PKB DENDA,12432520400,RUPIAH,2019
449,32,JAWA BARAT,3216,KABUPATEN BEKASI,KABUPATEN BEKASI CKRG,PKB POKOK,834154907950,RUPIAH,2019
450,32,JAWA BARAT,3216,KABUPATEN BEKASI,KABUPATEN BEKASI CKRG,PKB DENDA,32912393600,RUPIAH,2019
451,32,JAWA BARAT,3217,KABUPATEN BANDUNG BARAT,KABUPATEN BANDUNG BARAT PDLG,PKB POKOK,271256144000,RUPIAH,2019
452,32,JAWA BARAT,3217,KABUPATEN BANDUNG BARAT,KABUPATEN BANDUNG BARAT PDLG,PKB DENDA,8064984400,RUPIAH,2019
453,32,JAWA BARAT,3271,KOTA BOGOR, KOTA BOGOR,PKB POKOK,306841210100,RUPIAH,2019
454,32,JAWA BARAT,3271,KOTA BOGOR, KOTA BOGOR,PKB DENDA,10160513050,RUPIAH,2019
455,32,JAWA BARAT,3272,KOTA SUKABUMI, KOTA SUKABUMI,PKB POKOK,64168687600,RUPIAH,2019
456,32,JAWA BARAT,3272,KOTA SUKABUMI, KOTA SUKABUMI,PKB DENDA,2265697300,RUPIAH,2019
457,32,JAWA BARAT,3273,KOTA BANDUNG, KOTA BANDUNG I PJJRN,PKB POKOK,441311568700,RUPIAH,2019
458,32,JAWA BARAT,3273,KOTA BANDUNG, KOTA BANDUNG I PJJRN,PKB DENDA,11011758500,RUPIAH,2019
459,32,JAWA BARAT,3273,KOTA BANDUNG, KOTA BANDUNG II KWLYN,PKB POKOK,448652135600,RUPIAH,2019
460,32,JAWA BARAT,3273,KOTA BANDUNG, KOTA BANDUNG II KWLYN,PKB DENDA,12310349400,RUPIAH,2019
461,32,JAWA BARAT,3273,KOTA BANDUNG, KOTA BANDUNG III SOETA,PKB POKOK,405461299200,RUPIAH,2019
462,32,JAWA BARAT,3273,KOTA BANDUNG, KOTA BANDUNG III SOETA,PKB DENDA,10893584900,RUPIAH,2019
463,32,JAWA BARAT,3274,KOTA CIREBON, KOTA CIREBON,PKB POKOK,115932154400,RUPIAH,2019
464,32,JAWA BARAT,3274,KOTA CIREBON, KOTA CIREBON,PKB DENDA,3227480300,RUPIAH,2019
465,32,JAWA BARAT,3275,KOTA BEKASI, KOTA BEKASI,PKB POKOK,1129312381500,RUPIAH,2019
466,32,JAWA BARAT,3275,KOTA BEKASI, KOTA BEKASI,PKB DENDA,46066063100,RUPIAH,2019
467,32,JAWA BARAT,3276,KOTA DEPOK, KOTA DEPOK I,PKB POKOK,449195984300,RUPIAH,2019
468,32,JAWA BARAT,3276,KOTA DEPOK, KOTA DEPOK I,PKB DENDA,17520795500,RUPIAH,2019
469,32,JAWA BARAT,3276,KOTA DEPOK, KOTA DEPOK II CINERE,PKB POKOK,233703106200,RUPIAH,2019
470,32,JAWA BARAT,3276,KOTA DEPOK, KOTA DEPOK II CINERE,PKB DENDA,9762696050,RUPIAH,2019
471,32,JAWA BARAT,3277,KOTA CIMAHI, KOTA CIMAHI,PKB POKOK,160474882050,RUPIAH,2019
472,32,JAWA BARAT,3277,KOTA CIMAHI, KOTA CIMAHI,PKB DENDA,4173882900,RUPIAH,2019
473,32,JAWA BARAT,3278,KOTA TASIKMALAYA, KOTA TASIKMALAYA,PKB POKOK,98366069000,RUPIAH,2019
474,32,JAWA BARAT,3278,KOTA TASIKMALAYA, KOTA TASIKMALAYA,PKB DENDA,2519909100,RUPIAH,2019
475,32,JAWA BARAT,3279,KOTA BANJAR, KOTA BANJAR,PKB POKOK,20780299000,RUPIAH,2019
476,32,JAWA BARAT,3279,KOTA BANJAR, KOTA BANJAR,PKB DENDA,521367500,RUPIAH,2019
477,32,JAWA BARAT,3201,KABUPATEN BOGOR,KABUPATEN BOGOR (CIBINONG),PKB POKOK,632690426800,RUPIAH,2020
478,32,JAWA BARAT,3201,KABUPATEN BOGOR,KABUPATEN BOGOR (CIBINONG),PKB DENDA,4830026350,RUPIAH,2020
479,32,JAWA BARAT,3202,KABUPATEN SUKABUMI,KABUPATEN SUKABUMI I CBDK,PKB POKOK,117778173300,RUPIAH,2020
480,32,JAWA BARAT,3202,KABUPATEN SUKABUMI,KABUPATEN SUKABUMI I CBDK,PKB DENDA,944959500,RUPIAH,2020
481,32,JAWA BARAT,3202,KABUPATEN SUKABUMI,KABUPATEN SUKABUMI II P.RATU,PKB POKOK,48091374200,RUPIAH,2020
482,32,JAWA BARAT,3202,KABUPATEN SUKABUMI,KABUPATEN SUKABUMI II P.RATU,PKB DENDA,423222000,RUPIAH,2020
483,32,JAWA BARAT,3203,KABUPATEN CIANJUR,KABUPATEN CIANJUR,PKB POKOK,145378278125,RUPIAH,2020
484,32,JAWA BARAT,3203,KABUPATEN CIANJUR,KABUPATEN CIANJUR,PKB DENDA,962887250,RUPIAH,2020
485,32,JAWA BARAT,3204,KABUPATEN BANDUNG,KABUPATEN BANDUNG I RC.EKEK,PKB POKOK,206473491200,RUPIAH,2020
486,32,JAWA BARAT,3204,KABUPATEN BANDUNG,KABUPATEN BANDUNG I RC.EKEK,PKB DENDA,1156084300,RUPIAH,2020
487,32,JAWA BARAT,3204,KABUPATEN BANDUNG,KABUPATEN BANDUNG II SOREANG,PKB POKOK,224603672375,RUPIAH,2020
488,32,JAWA BARAT,3204,KABUPATEN BANDUNG,KABUPATEN BANDUNG II SOREANG,PKB DENDA,1217076175,RUPIAH,2020
489,32,JAWA BARAT,3205,KABUPATEN GARUT,KABUPATEN GARUT,PKB POKOK,125255834400,RUPIAH,2020
490,32,JAWA BARAT,3205,KABUPATEN GARUT,KABUPATEN GARUT,PKB DENDA,809833750,RUPIAH,2020
491,32,JAWA BARAT,3206,KABUPATEN TASIKMALAYA,KABUPATEN TASIKMALAYA,PKB POKOK,87135924275,RUPIAH,2020
492,32,JAWA BARAT,3206,KABUPATEN TASIKMALAYA,KABUPATEN TASIKMALAYA,PKB DENDA,462207400,RUPIAH,2020
493,32,JAWA BARAT,3207,KABUPATEN CIAMIS,KABUPATEN CIAMIS I,PKB POKOK,81798013500,RUPIAH,2020
494,32,JAWA BARAT,3207,KABUPATEN CIAMIS,KABUPATEN CIAMIS I,PKB DENDA,419143100,RUPIAH,2020
495,32,JAWA BARAT,3218,KABUPATEN PANGANDARAN,KABUPATEN PANGANDARAN,PKB POKOK,26926803450,RUPIAH,2020
496,32,JAWA BARAT,3218,KABUPATEN PANGANDARAN,KABUPATEN PANGANDARAN,PKB DENDA,151934300,RUPIAH,2020
497,32,JAWA BARAT,3208,KABUPATEN KUNINGAN,KABUPATEN KUNINGAN,PKB POKOK,102031451300,RUPIAH,2020
498,32,JAWA BARAT,3208,KABUPATEN KUNINGAN,KABUPATEN KUNINGAN,PKB DENDA,644334000,RUPIAH,2020
499,32,JAWA BARAT,3209,KABUPATEN CIREBON,KABUPATEN CIREBON I SBR,PKB POKOK,164456303500,RUPIAH,2020
500,32,JAWA BARAT,3209,KABUPATEN CIREBON,KABUPATEN CIREBON I SBR,PKB DENDA,961428200,RUPIAH,2020
501,32,JAWA BARAT,3209,KABUPATEN CIREBON,KABUPATEN CIREBON II CLDG,PKB POKOK,65547421717,RUPIAH,2020
502,32,JAWA BARAT,3209,KABUPATEN CIREBON,KABUPATEN CIREBON II CLDG,PKB DENDA,484773500,RUPIAH,2020
503,32,JAWA BARAT,3210,KABUPATEN MAJALENGKA,KABUPATEN MAJALENGKA,PKB POKOK,107713956600,RUPIAH,2020
504,32,JAWA BARAT,3210,KABUPATEN MAJALENGKA,KABUPATEN MAJALENGKA,PKB DENDA,651057200,RUPIAH,2020
505,32,JAWA BARAT,3211,KABUPATEN SUMEDANG,KABUPATEN SUMEDANG,PKB POKOK,89785688300,RUPIAH,2020
506,32,JAWA BARAT,3211,KABUPATEN SUMEDANG,KABUPATEN SUMEDANG,PKB DENDA,523522400,RUPIAH,2020
507,32,JAWA BARAT,3212,KABUPATEN INDRAMAYU,KABUPATEN INDRAMAYU I,PKB POKOK,117345834300,RUPIAH,2020
508,32,JAWA BARAT,3212,KABUPATEN INDRAMAYU,KABUPATEN INDRAMAYU I,PKB DENDA,791277400,RUPIAH,2020
509,32,JAWA BARAT,3212,KABUPATEN INDRAMAYU,KABUPATEN INDRAMAYU II HRGLS,PKB POKOK,45661394400,RUPIAH,2020
510,32,JAWA BARAT,3212,KABUPATEN INDRAMAYU,KABUPATEN INDRAMAYU II HRGLS,PKB DENDA,324117300,RUPIAH,2020
511,32,JAWA BARAT,3213,KABUPATEN SUBANG,KABUPATEN SUBANG,PKB POKOK,134255618350,RUPIAH,2020
512,32,JAWA BARAT,3213,KABUPATEN SUBANG,KABUPATEN SUBANG,PKB DENDA,877275200,RUPIAH,2020
513,32,JAWA BARAT,3214,KABUPATEN PURWAKARTA,KABUPATEN PURWAKARTA,PKB POKOK,111649479200,RUPIAH,2020
514,32,JAWA BARAT,3214,KABUPATEN PURWAKARTA,KABUPATEN PURWAKARTA,PKB DENDA,885113700,RUPIAH,2020
515,32,JAWA BARAT,3215,KABUPATEN KARAWANG,KABUPATEN KARAWANG,PKB POKOK,336207200150,RUPIAH,2020
516,32,JAWA BARAT,3215,KABUPATEN KARAWANG,KABUPATEN KARAWANG,PKB DENDA,2367445800,RUPIAH,2020
517,32,JAWA BARAT,3216,KABUPATEN BEKASI,KABUPATEN BEKASI CKRG,PKB POKOK,772674066900,RUPIAH,2020
518,32,JAWA BARAT,3216,KABUPATEN BEKASI,KABUPATEN BEKASI CKRG,PKB DENDA,5803318820,RUPIAH,2020
519,32,JAWA BARAT,3217,KABUPATEN BANDUNG BARAT,KABUPATEN BANDUNG BARAT PDLG,PKB POKOK,254824821100,RUPIAH,2020
520,32,JAWA BARAT,3217,KABUPATEN BANDUNG BARAT,KABUPATEN BANDUNG BARAT PDLG,PKB DENDA,1518947600,RUPIAH,2020
521,32,JAWA BARAT,3271,KOTA BOGOR, KOTA BOGOR,PKB POKOK,283573337700,RUPIAH,2020
522,32,JAWA BARAT,3271,KOTA BOGOR, KOTA BOGOR,PKB DENDA,1743248700,RUPIAH,2020
523,32,JAWA BARAT,3272,KOTA SUKABUMI, KOTA SUKABUMI,PKB POKOK,58520244000,RUPIAH,2020
524,32,JAWA BARAT,3272,KOTA SUKABUMI, KOTA SUKABUMI,PKB DENDA,381102300,RUPIAH,2020
525,32,JAWA BARAT,3273,KOTA BANDUNG, KOTA BANDUNG I PJJRN,PKB POKOK,413542928500,RUPIAH,2020
526,32,JAWA BARAT,3273,KOTA BANDUNG, KOTA BANDUNG I PJJRN,PKB DENDA,1978673200,RUPIAH,2020
527,32,JAWA BARAT,3273,KOTA BANDUNG, KOTA BANDUNG II KWLYN,PKB POKOK,420454525950,RUPIAH,2020
528,32,JAWA BARAT,3273,KOTA BANDUNG, KOTA BANDUNG II KWLYN,PKB DENDA,2165487100,RUPIAH,2020
529,32,JAWA BARAT,3273,KOTA BANDUNG, KOTA BANDUNG III SOETA,PKB POKOK,382450791725,RUPIAH,2020
530,32,JAWA BARAT,3273,KOTA BANDUNG, KOTA BANDUNG III SOETA,PKB DENDA,1924430900,RUPIAH,2020
531,32,JAWA BARAT,3274,KOTA CIREBON, KOTA CIREBON,PKB POKOK,107208702100,RUPIAH,2020
532,32,JAWA BARAT,3274,KOTA CIREBON, KOTA CIREBON,PKB DENDA,591351000,RUPIAH,2020
533,32,JAWA BARAT,3275,KOTA BEKASI, KOTA BEKASI,PKB POKOK,1046676391950,RUPIAH,2020
534,32,JAWA BARAT,3275,KOTA BEKASI, KOTA BEKASI,PKB DENDA,8256608000,RUPIAH,2020
535,32,JAWA BARAT,3276,KOTA DEPOK, KOTA DEPOK I,PKB POKOK,415521517150,RUPIAH,2020
536,32,JAWA BARAT,3276,KOTA DEPOK, KOTA DEPOK I,PKB DENDA,3164635700,RUPIAH,2020
537,32,JAWA BARAT,3276,KOTA DEPOK, KOTA DEPOK II CINERE,PKB POKOK,216778018900,RUPIAH,2020
538,32,JAWA BARAT,3276,KOTA DEPOK, KOTA DEPOK II CINERE,PKB DENDA,1847225900,RUPIAH,2020
539,32,JAWA BARAT,3277,KOTA CIMAHI, KOTA CIMAHI,PKB POKOK,151636942000,RUPIAH,2020
540,32,JAWA BARAT,3277,KOTA CIMAHI, KOTA CIMAHI,PKB DENDA,826676000,RUPIAH,2020
541,32,JAWA BARAT,3278,KOTA TASIKMALAYA, KOTA TASIKMALAYA,PKB POKOK,95449422700,RUPIAH,2020
542,32,JAWA BARAT,3278,KOTA TASIKMALAYA, KOTA TASIKMALAYA,PKB DENDA,502789500,RUPIAH,2020
543,32,JAWA BARAT,3279,KOTA BANJAR, KOTA BANJAR,PKB POKOK,20290592600,RUPIAH,2020
544,32,JAWA BARAT,3279,KOTA BANJAR, KOTA BANJAR,PKB DENDA,88437100,RUPIAH,2020
545,32,JAWA BARAT,3201,KABUPATEN BOGOR,KABUPATEN BOGOR (CIBINONG),PKB POKOK,696677529500,RUPIAH,2021
546,32,JAWA BARAT,3201,KABUPATEN BOGOR,KABUPATEN BOGOR (CIBINONG),PKB DENDA,17163178300,RUPIAH,2021
547,32,JAWA BARAT,3202,KABUPATEN SUKABUMI,KABUPATEN SUKABUMI I CBDK,PKB POKOK,127470566700,RUPIAH,2021
548,32,JAWA BARAT,3202,KABUPATEN SUKABUMI,KABUPATEN SUKABUMI I CBDK,PKB DENDA,3262788600,RUPIAH,2021
549,32,JAWA BARAT,3202,KABUPATEN SUKABUMI,KABUPATEN SUKABUMI II P.RATU,PKB POKOK,50799613100,RUPIAH,2021
550,32,JAWA BARAT,3202,KABUPATEN SUKABUMI,KABUPATEN SUKABUMI II P.RATU,PKB DENDA,1453970650,RUPIAH,2021
551,32,JAWA BARAT,3203,KABUPATEN CIANJUR,KABUPATEN CIANJUR,PKB POKOK,157062564550,RUPIAH,2021
552,32,JAWA BARAT,3203,KABUPATEN CIANJUR,KABUPATEN CIANJUR,PKB DENDA,3772870716,RUPIAH,2021
553,32,JAWA BARAT,3204,KABUPATEN BANDUNG,KABUPATEN BANDUNG I RC.EKEK,PKB POKOK,221294026950,RUPIAH,2021
554,32,JAWA BARAT,3204,KABUPATEN BANDUNG,KABUPATEN BANDUNG I RC.EKEK,PKB DENDA,4106805300,RUPIAH,2021
555,32,JAWA BARAT,3204,KABUPATEN BANDUNG,KABUPATEN BANDUNG II SOREANG,PKB POKOK,241943921250,RUPIAH,2021
556,32,JAWA BARAT,3204,KABUPATEN BANDUNG,KABUPATEN BANDUNG II SOREANG,PKB DENDA,4642118660,RUPIAH,2021
557,32,JAWA BARAT,3205,KABUPATEN GARUT,KABUPATEN GARUT,PKB POKOK,134657446750,RUPIAH,2021
558,32,JAWA BARAT,3205,KABUPATEN GARUT,KABUPATEN GARUT,PKB DENDA,2808133900,RUPIAH,2021
559,32,JAWA BARAT,3206,KABUPATEN TASIKMALAYA,KABUPATEN TASIKMALAYA,PKB POKOK,93350469700,RUPIAH,2021
560,32,JAWA BARAT,3206,KABUPATEN TASIKMALAYA,KABUPATEN TASIKMALAYA,PKB DENDA,1726698600,RUPIAH,2021
561,32,JAWA BARAT,3207,KABUPATEN CIAMIS,KABUPATEN CIAMIS I,PKB POKOK,85837202700,RUPIAH,2021
562,32,JAWA BARAT,3207,KABUPATEN CIAMIS,KABUPATEN CIAMIS I,PKB DENDA,1485374900,RUPIAH,2021
563,32,JAWA BARAT,3208,KABUPATEN KUNINGAN,KABUPATEN KUNINGAN,PKB POKOK,108157351900,RUPIAH,2021
564,32,JAWA BARAT,3208,KABUPATEN KUNINGAN,KABUPATEN KUNINGAN,PKB DENDA,2168104600,RUPIAH,2021
565,32,JAWA BARAT,3209,KABUPATEN CIREBON,KABUPATEN CIREBON I SBR,PKB POKOK,177646235700,RUPIAH,2021
566,32,JAWA BARAT,3209,KABUPATEN CIREBON,KABUPATEN CIREBON I SBR,PKB DENDA,3544057252,RUPIAH,2021
567,32,JAWA BARAT,3209,KABUPATEN CIREBON,KABUPATEN CIREBON II CLDG,PKB POKOK,69457502550,RUPIAH,2021
568,32,JAWA BARAT,3209,KABUPATEN CIREBON,KABUPATEN CIREBON II CLDG,PKB DENDA,1628919500,RUPIAH,2021
569,32,JAWA BARAT,3210,KABUPATEN MAJALENGKA,KABUPATEN MAJALENGKA,PKB POKOK,112923373100,RUPIAH,2021
570,32,JAWA BARAT,3210,KABUPATEN MAJALENGKA,KABUPATEN MAJALENGKA,PKB DENDA,2201599800,RUPIAH,2021
571,32,JAWA BARAT,3211,KABUPATEN SUMEDANG,KABUPATEN SUMEDANG,PKB POKOK,96960487150,RUPIAH,2021
572,32,JAWA BARAT,3211,KABUPATEN SUMEDANG,KABUPATEN SUMEDANG,PKB DENDA,1924587300,RUPIAH,2021
573,32,JAWA BARAT,3212,KABUPATEN INDRAMAYU,KABUPATEN INDRAMAYU I,PKB POKOK,124865928760,RUPIAH,2021
574,32,JAWA BARAT,3212,KABUPATEN INDRAMAYU,KABUPATEN INDRAMAYU I,PKB DENDA,2575570150,RUPIAH,2021
575,32,JAWA BARAT,3212,KABUPATEN INDRAMAYU,KABUPATEN INDRAMAYU II HRGLS,PKB POKOK,47286368850,RUPIAH,2021
576,32,JAWA BARAT,3212,KABUPATEN INDRAMAYU,KABUPATEN INDRAMAYU II HRGLS,PKB DENDA,1133538720,RUPIAH,2021
577,32,JAWA BARAT,3213,KABUPATEN SUBANG,KABUPATEN SUBANG,PKB POKOK,144342698150,RUPIAH,2021
578,32,JAWA BARAT,3213,KABUPATEN SUBANG,KABUPATEN SUBANG,PKB DENDA,3083555300,RUPIAH,2021
579,32,JAWA BARAT,3214,KABUPATEN PURWAKARTA,KABUPATEN PURWAKARTA,PKB POKOK,120192191700,RUPIAH,2021
580,32,JAWA BARAT,3214,KABUPATEN PURWAKARTA,KABUPATEN PURWAKARTA,PKB DENDA,2787273100,RUPIAH,2021
581,32,JAWA BARAT,3215,KABUPATEN KARAWANG,KABUPATEN KARAWANG,PKB POKOK,367815293400,RUPIAH,2021
582,32,JAWA BARAT,3215,KABUPATEN KARAWANG,KABUPATEN KARAWANG,PKB DENDA,8344983300,RUPIAH,2021
583,32,JAWA BARAT,3216,KABUPATEN BEKASI,KABUPATEN BEKASI CKRG,PKB POKOK,852920491250,RUPIAH,2021
584,32,JAWA BARAT,3216,KABUPATEN BEKASI,KABUPATEN BEKASI CKRG,PKB DENDA,21546029400,RUPIAH,2021
585,32,JAWA BARAT,3217,KABUPATEN BANDUNG BARAT,KABUPATEN BANDUNG BARAT PDLG,PKB POKOK,272140201900,RUPIAH,2021
586,32,JAWA BARAT,3217,KABUPATEN BANDUNG BARAT,KABUPATEN BANDUNG BARAT PDLG,PKB DENDA,5385789700,RUPIAH,2021
587,32,JAWA BARAT,3218,KABUPATEN PANGANDARAN,KABUPATEN PANGANDARAN,PKB POKOK,27807255800,RUPIAH,2021
588,32,JAWA BARAT,3218,KABUPATEN PANGANDARAN,KABUPATEN PANGANDARAN,PKB DENDA,480079900,RUPIAH,2021
589,32,JAWA BARAT,3271,KOTA BOGOR,KOTA BOGOR,PKB POKOK,306748000600,RUPIAH,2021
590,32,JAWA BARAT,3271,KOTA BOGOR,KOTA BOGOR,PKB DENDA,6420148300,RUPIAH,2021
591,32,JAWA BARAT,3272,KOTA SUKABUMI,KOTA SUKABUMI,PKB POKOK,62576092400,RUPIAH,2021
592,32,JAWA BARAT,3272,KOTA SUKABUMI,KOTA SUKABUMI,PKB DENDA,1343262400,RUPIAH,2021
593,32,JAWA BARAT,3273,KOTA BANDUNG,KOTA BANDUNG I PJJRN,PKB POKOK,427935692700,RUPIAH,2021
594,32,JAWA BARAT,3273,KOTA BANDUNG,KOTA BANDUNG I PJJRN,PKB DENDA,6998410580,RUPIAH,2021
595,32,JAWA BARAT,3273,KOTA BANDUNG,KOTA BANDUNG II KWLYN,PKB POKOK,431908400650,RUPIAH,2021
596,32,JAWA BARAT,3273,KOTA BANDUNG,KOTA BANDUNG II KWLYN,PKB DENDA,7542296600,RUPIAH,2021
597,32,JAWA BARAT,3273,KOTA BANDUNG,KOTA BANDUNG III SOETA,PKB POKOK,402945408900,RUPIAH,2021
598,32,JAWA BARAT,3273,KOTA BANDUNG,KOTA BANDUNG III SOETA,PKB DENDA,6623477700,RUPIAH,2021
599,32,JAWA BARAT,3274,KOTA CIREBON,KOTA CIREBON,PKB POKOK,112356254900,RUPIAH,2021
600,32,JAWA BARAT,3274,KOTA CIREBON,KOTA CIREBON,PKB DENDA,1986204200,RUPIAH,2021
601,32,JAWA BARAT,3275,KOTA BEKASI,KOTA BEKASI,PKB POKOK,1133416073950,RUPIAH,2021
602,32,JAWA BARAT,3275,KOTA BEKASI,KOTA BEKASI,PKB DENDA,29069022900,RUPIAH,2021
603,32,JAWA BARAT,3276,KOTA DEPOK,KOTA DEPOK I,PKB POKOK,451743329400,RUPIAH,2021
604,32,JAWA BARAT,3276,KOTA DEPOK,KOTA DEPOK I,PKB DENDA,11450324800,RUPIAH,2021
605,32,JAWA BARAT,3276,KOTA DEPOK,KOTA DEPOK II CINERE,PKB POKOK,236833133700,RUPIAH,2021
606,32,JAWA BARAT,3276,KOTA DEPOK,KOTA DEPOK II CINERE,PKB DENDA,6646495200,RUPIAH,2021
607,32,JAWA BARAT,3277,KOTA CIMAHI,KOTA CIMAHI,PKB POKOK,159646654400,RUPIAH,2021
608,32,JAWA BARAT,3277,KOTA CIMAHI,KOTA CIMAHI,PKB DENDA,2905664100,RUPIAH,2021
609,32,JAWA BARAT,3278,KOTA TASIKMALAYA,KOTA TASIKMALAYA,PKB POKOK,100957326750,RUPIAH,2021
610,32,JAWA BARAT,3278,KOTA TASIKMALAYA,KOTA TASIKMALAYA,PKB DENDA,1680497200,RUPIAH,2021
611,32,JAWA BARAT,3279,KOTA BANJAR,KOTA BANJAR,PKB POKOK,21290140300,RUPIAH,2021
612,32,JAWA BARAT,3279,KOTA BANJAR,KOTA BANJAR,PKB DENDA,329443950,RUPIAH,2021
613,32,JAWA BARAT,3201,KABUPATEN BOGOR,KABUPATEN BOGOR (CIBINONG),PKB POKOK,776045300600,RUPIAH,2022
614,32,JAWA BARAT,3201,KABUPATEN BOGOR,KABUPATEN BOGOR (CIBINONG),PKB DENDA,32761050200,RUPIAH,2022
615,32,JAWA BARAT,3202,KABUPATEN SUKABUMI,KABUPATEN SUKABUMI I CBDK,PKB POKOK,140194142000,RUPIAH,2022
616,32,JAWA BARAT,3202,KABUPATEN SUKABUMI,KABUPATEN SUKABUMI I CBDK,PKB DENDA,6211657800,RUPIAH,2022
617,32,JAWA BARAT,3202,KABUPATEN SUKABUMI,KABUPATEN SUKABUMI II P.RATU,PKB POKOK,56019496550,RUPIAH,2022
618,32,JAWA BARAT,3202,KABUPATEN SUKABUMI,KABUPATEN SUKABUMI II P.RATU,PKB DENDA,2742335350,RUPIAH,2022
619,32,JAWA BARAT,3203,KABUPATEN CIANJUR,KABUPATEN CIANJUR,PKB POKOK,173508276650,RUPIAH,2022
620,32,JAWA BARAT,3203,KABUPATEN CIANJUR,KABUPATEN CIANJUR,PKB DENDA,7167854050,RUPIAH,2022
621,32,JAWA BARAT,3204,KABUPATEN BANDUNG,KABUPATEN BANDUNG I RC.EKEK,PKB POKOK,241581976550,RUPIAH,2022
622,32,JAWA BARAT,3204,KABUPATEN BANDUNG,KABUPATEN BANDUNG I RC.EKEK,PKB DENDA,8065451500,RUPIAH,2022
623,32,JAWA BARAT,3204,KABUPATEN BANDUNG,KABUPATEN BANDUNG II SOREANG,PKB POKOK,265329880350,RUPIAH,2022
624,32,JAWA BARAT,3204,KABUPATEN BANDUNG,KABUPATEN BANDUNG II SOREANG,PKB DENDA,8892460000,RUPIAH,2022
625,32,JAWA BARAT,3205,KABUPATEN GARUT,KABUPATEN GARUT,PKB POKOK,150794600650,RUPIAH,2022
626,32,JAWA BARAT,3205,KABUPATEN GARUT,KABUPATEN GARUT,PKB DENDA,5558791050,RUPIAH,2022
627,32,JAWA BARAT,3206,KABUPATEN TASIKMALAYA,KABUPATEN TASIKMALAYA,PKB POKOK,101043552800,RUPIAH,2022
628,32,JAWA BARAT,3206,KABUPATEN TASIKMALAYA,KABUPATEN TASIKMALAYA,PKB DENDA,3184468600,RUPIAH,2022
629,32,JAWA BARAT,3207,KABUPATEN CIAMIS,KABUPATEN CIAMIS,PKB POKOK,92259668300,RUPIAH,2022
630,32,JAWA BARAT,3207,KABUPATEN CIAMIS,KABUPATEN CIAMIS,PKB DENDA,2775511700,RUPIAH,2022
631,32,JAWA BARAT,3208,KABUPATEN KUNINGAN,KABUPATEN KUNINGAN,PKB POKOK,117629168400,RUPIAH,2022
632,32,JAWA BARAT,3208,KABUPATEN KUNINGAN,KABUPATEN KUNINGAN,PKB DENDA,4311538900,RUPIAH,2022
633,32,JAWA BARAT,3209,KABUPATEN CIREBON,KABUPATEN CIREBON I SBR,PKB POKOK,195568032000,RUPIAH,2022
634,32,JAWA BARAT,3209,KABUPATEN CIREBON,KABUPATEN CIREBON I SBR,PKB DENDA,6851755000,RUPIAH,2022
635,32,JAWA BARAT,3209,KABUPATEN CIREBON,KABUPATEN CIREBON II CLDG,PKB POKOK,77975654100,RUPIAH,2022
636,32,JAWA BARAT,3209,KABUPATEN CIREBON,KABUPATEN CIREBON II CLDG,PKB DENDA,3214522310,RUPIAH,2022
637,32,JAWA BARAT,3210,KABUPATEN MAJALENGKA,KABUPATEN MAJALENGKA,PKB POKOK,125227231800,RUPIAH,2022
638,32,JAWA BARAT,3210,KABUPATEN MAJALENGKA,KABUPATEN MAJALENGKA,PKB DENDA,4565497200,RUPIAH,2022
639,32,JAWA BARAT,3211,KABUPATEN SUMEDANG,KABUPATEN SUMEDANG,PKB POKOK,103143169212,RUPIAH,2022
640,32,JAWA BARAT,3211,KABUPATEN SUMEDANG,KABUPATEN SUMEDANG,PKB DENDA,3471510684,RUPIAH,2022
641,32,JAWA BARAT,3212,KABUPATEN INDRAMAYU,KABUPATEN INDRAMAYU I,PKB POKOK,139147415300,RUPIAH,2022
642,32,JAWA BARAT,3212,KABUPATEN INDRAMAYU,KABUPATEN INDRAMAYU I,PKB DENDA,5321481880,RUPIAH,2022
643,32,JAWA BARAT,3212,KABUPATEN INDRAMAYU,KABUPATEN INDRAMAYU II HRGLS,PKB POKOK,52967463200,RUPIAH,2022
644,32,JAWA BARAT,3212,KABUPATEN INDRAMAYU,KABUPATEN INDRAMAYU II HRGLS,PKB DENDA,2346786850,RUPIAH,2022
645,32,JAWA BARAT,3213,KABUPATEN SUBANG,KABUPATEN SUBANG,PKB POKOK,157470053200,RUPIAH,2022
646,32,JAWA BARAT,3213,KABUPATEN SUBANG,KABUPATEN SUBANG,PKB DENDA,5960263200,RUPIAH,2022
647,32,JAWA BARAT,3214,KABUPATEN PURWAKARTA,KABUPATEN PURWAKARTA,PKB POKOK,133396604900,RUPIAH,2022
648,32,JAWA BARAT,3214,KABUPATEN PURWAKARTA,KABUPATEN PURWAKARTA,PKB DENDA,5582557300,RUPIAH,2022
649,32,JAWA BARAT,3215,KABUPATEN KARAWANG,KABUPATEN KARAWANG,PKB POKOK,402775760300,RUPIAH,2022
650,32,JAWA BARAT,3215,KABUPATEN KARAWANG,KABUPATEN KARAWANG,PKB DENDA,15263059800,RUPIAH,2022
651,32,JAWA BARAT,3216,KABUPATEN BEKASI,KABUPATEN BEKASI CKRG,PKB POKOK,927501474500,RUPIAH,2022
652,32,JAWA BARAT,3216,KABUPATEN BEKASI,KABUPATEN BEKASI CKRG,PKB DENDA,37697763800,RUPIAH,2022
653,32,JAWA BARAT,3217,KABUPATEN BANDUNG BARAT,KABUPATEN BANDUNG BARAT PDLG,PKB POKOK,298259356300,RUPIAH,2022
654,32,JAWA BARAT,3217,KABUPATEN BANDUNG BARAT,KABUPATEN BANDUNG BARAT PDLG,PKB DENDA,10136124500,RUPIAH,2022
655,32,JAWA BARAT,3218,KABUPATEN PANGANDARAN,KABUPATEN CIAMIS II PGDRN,PKB POKOK,30690947200,RUPIAH,2022
656,32,JAWA BARAT,3218,KABUPATEN PANGANDARAN,KABUPATEN CIAMIS II PGDRN,PKB DENDA,932037700,RUPIAH,2022
657,32,JAWA BARAT,3271,KOTA BOGOR,KOTA BOGOR,PKB POKOK,335913877900,RUPIAH,2022
658,32,JAWA BARAT,3271,KOTA BOGOR,KOTA BOGOR,PKB DENDA,11629834700,RUPIAH,2022
659,32,JAWA BARAT,3272,KOTA SUKABUMI,KOTA SUKABUMI,PKB POKOK,67480497200,RUPIAH,2022
660,32,JAWA BARAT,3272,KOTA SUKABUMI,KOTA SUKABUMI,PKB DENDA,2468806000,RUPIAH,2022
661,32,JAWA BARAT,3273,KOTA BANDUNG,KOTA BANDUNG I PJJRN,PKB POKOK,449313688000,RUPIAH,2022
662,32,JAWA BARAT,3273,KOTA BANDUNG,KOTA BANDUNG I PJJRN,PKB DENDA,12608880190,RUPIAH,2022
663,32,JAWA BARAT,3273,KOTA BANDUNG,KOTA BANDUNG II KWLYN,PKB POKOK,456814240800,RUPIAH,2022
664,32,JAWA BARAT,3273,KOTA BANDUNG,KOTA BANDUNG II KWLYN,PKB DENDA,13738335500,RUPIAH,2022
665,32,JAWA BARAT,3273,KOTA BANDUNG,KOTA BANDUNG III SOETA,PKB POKOK,426791516050,RUPIAH,2022
666,32,JAWA BARAT,3273,KOTA BANDUNG,KOTA BANDUNG III SOETA,PKB DENDA,12086857875,RUPIAH,2022
667,32,JAWA BARAT,3274,KOTA CIREBON,KOTA CIREBON,PKB POKOK,118756643500,RUPIAH,2022
668,32,JAWA BARAT,3274,KOTA CIREBON,KOTA CIREBON,PKB DENDA,3742013900,RUPIAH,2022
669,32,JAWA BARAT,3275,KOTA BEKASI,KOTA BEKASI,PKB POKOK,1221202075200,RUPIAH,2022
670,32,JAWA BARAT,3275,KOTA BEKASI,KOTA BEKASI,PKB DENDA,50484620700,RUPIAH,2022
671,32,JAWA BARAT,3276,KOTA DEPOK,KOTA DEPOK I,PKB POKOK,501724322800,RUPIAH,2022
672,32,JAWA BARAT,3276,KOTA DEPOK,KOTA DEPOK I,PKB DENDA,20245161500,RUPIAH,2022
673,32,JAWA BARAT,3276,KOTA DEPOK,KOTA DEPOK II CINERE,PKB POKOK,262150753250,RUPIAH,2022
674,32,JAWA BARAT,3276,KOTA DEPOK,KOTA DEPOK II CINERE,PKB DENDA,11335203600,RUPIAH,2022
675,32,JAWA BARAT,3277,KOTA CIMAHI,KOTA CIMAHI,PKB POKOK,170321438450,RUPIAH,2022
676,32,JAWA BARAT,3277,KOTA CIMAHI,KOTA CIMAHI,PKB DENDA,5242437500,RUPIAH,2022
677,32,JAWA BARAT,3278,KOTA TASIKMALAYA,KOTA TASIKMALAYA,PKB POKOK,108115354400,RUPIAH,2022
678,32,JAWA BARAT,3278,KOTA TASIKMALAYA,KOTA TASIKMALAYA,PKB DENDA,3162753800,RUPIAH,2022
679,32,JAWA BARAT,3279,KOTA BANJAR,KOTA BANJAR,PKB POKOK,22923306200,RUPIAH,2022
680,32,JAWA BARAT,3279,KOTA BANJAR,KOTA BANJAR,PKB DENDA,650543550,RUPIAH,2022
681,32,JAWA BARAT,3201,KABUPATEN BOGOR, KAB. BOGOR (CIBINONG),PKB POKOK,808581798125,RUPIAH,2023
682,32,JAWA BARAT,3201,KABUPATEN BOGOR, KAB. BOGOR (CIBINONG),PKB DENDA,37976405700,RUPIAH,2023
683,32,JAWA BARAT,3202,KABUPATEN SUKABUMI, KAB. SUKABUMI I CBDK,PKB POKOK,143077285300,RUPIAH,2023
684,32,JAWA BARAT,3202,KABUPATEN SUKABUMI, KAB. SUKABUMI I CBDK,PKB DENDA,7336283000,RUPIAH,2023
685,32,JAWA BARAT,3202,KABUPATEN SUKABUMI, KAB. SUKABUMI II P.RATU,PKB POKOK,57556215600,RUPIAH,2023
686,32,JAWA BARAT,3202,KABUPATEN SUKABUMI, KAB. SUKABUMI II P.RATU,PKB DENDA,3321124850,RUPIAH,2023
687,32,JAWA BARAT,3203,KABUPATEN CIANJUR, KAB. CIANJUR,PKB POKOK,183463220009,RUPIAH,2023
688,32,JAWA BARAT,3203,KABUPATEN CIANJUR, KAB. CIANJUR,PKB DENDA,8668441600,RUPIAH,2023
689,32,JAWA BARAT,3204,KABUPATEN BANDUNG, KAB. BANDUNG I RC.EKEK,PKB POKOK,249963034600,RUPIAH,2023
690,32,JAWA BARAT,3204,KABUPATEN BANDUNG, KAB. BANDUNG I RC.EKEK,PKB DENDA,9723220100,RUPIAH,2023
691,32,JAWA BARAT,3204,KABUPATEN BANDUNG, KAB. BANDUNG II SOREANG,PKB POKOK,274955694800,RUPIAH,2023
692,32,JAWA BARAT,3204,KABUPATEN BANDUNG, KAB. BANDUNG II SOREANG,PKB DENDA,10606905000,RUPIAH,2023
693,32,JAWA BARAT,3205,KABUPATEN GARUT, KAB. GARUT,PKB POKOK,156173063100,RUPIAH,2023
694,32,JAWA BARAT,3205,KABUPATEN GARUT, KAB. GARUT,PKB DENDA,6752666500,RUPIAH,2023
695,32,JAWA BARAT,3206,KABUPATEN TASIKMALAYA, KAB. TASIKMALAYA,PKB POKOK,103963911800,RUPIAH,2023
696,32,JAWA BARAT,3206,KABUPATEN TASIKMALAYA, KAB. TASIKMALAYA,PKB DENDA,3925048050,RUPIAH,2023
697,32,JAWA BARAT,3207,KABUPATEN CIAMIS, KAB. CIAMIS I,PKB POKOK,94408512600,RUPIAH,2023
698,32,JAWA BARAT,3207,KABUPATEN CIAMIS, KAB. CIAMIS I,PKB DENDA,3328016500,RUPIAH,2023
699,32,JAWA BARAT,3208,KABUPATEN KUNINGAN, KAB. KUNINGAN,PKB POKOK,120798562600,RUPIAH,2023
700,32,JAWA BARAT,3208,KABUPATEN KUNINGAN, KAB. KUNINGAN,PKB DENDA,4927181400,RUPIAH,2023
701,32,JAWA BARAT,3209,KABUPATEN CIREBON, KAB. CIREBON I SBR,PKB POKOK,200035398400,RUPIAH,2023
702,32,JAWA BARAT,3209,KABUPATEN CIREBON, KAB. CIREBON I SBR,PKB DENDA,8093338200,RUPIAH,2023
703,32,JAWA BARAT,3209,KABUPATEN CIREBON, KAB. CIREBON II CLDG,PKB POKOK,80696677400,RUPIAH,2023
704,32,JAWA BARAT,3209,KABUPATEN CIREBON, KAB. CIREBON II CLDG,PKB DENDA,3616826900,RUPIAH,2023
705,32,JAWA BARAT,3210,KABUPATEN MAJALENGKA, KAB. MAJALENGKA,PKB POKOK,129385029600,RUPIAH,2023
706,32,JAWA BARAT,3210,KABUPATEN MAJALENGKA, KAB. MAJALENGKA,PKB DENDA,5400679630,RUPIAH,2023
707,32,JAWA BARAT,3211,KABUPATEN SUMEDANG, KAB. SUMEDANG,PKB POKOK,107237155050,RUPIAH,2023
708,32,JAWA BARAT,3211,KABUPATEN SUMEDANG, KAB. SUMEDANG,PKB DENDA,4329939732,RUPIAH,2023
709,32,JAWA BARAT,3212,KABUPATEN INDRAMAYU, KAB. INDRAMAYU I,PKB POKOK,143628333200,RUPIAH,2023
710,32,JAWA BARAT,3212,KABUPATEN INDRAMAYU, KAB. INDRAMAYU I,PKB DENDA,6412192600,RUPIAH,2023
711,32,JAWA BARAT,3212,KABUPATEN INDRAMAYU, KAB. INDRAMAYU II HRGLS,PKB POKOK,53806852050,RUPIAH,2023
712,32,JAWA BARAT,3212,KABUPATEN INDRAMAYU, KAB. INDRAMAYU II HRGLS,PKB DENDA,2601601250,RUPIAH,2023
713,32,JAWA BARAT,3213,KABUPATEN SUBANG, KAB. SUBANG,PKB POKOK,164482549100,RUPIAH,2023
714,32,JAWA BARAT,3213,KABUPATEN SUBANG, KAB. SUBANG,PKB DENDA,7258543300,RUPIAH,2023
715,32,JAWA BARAT,3214,KABUPATEN PURWAKARTA,KAB. PURWAKARTA,PKB POKOK,140443909200,RUPIAH,2023
716,32,JAWA BARAT,3214,KABUPATEN PURWAKARTA,KAB. PURWAKARTA,PKB DENDA,6820215500,RUPIAH,2023
717,32,JAWA BARAT,3215,KABUPATEN KARAWANG, KAB. KARAWANG,PKB POKOK,424102733200,RUPIAH,2023
718,32,JAWA BARAT,3215,KABUPATEN KARAWANG, KAB. KARAWANG,PKB DENDA,18973436320,RUPIAH,2023
719,32,JAWA BARAT,3216,KABUPATEN BEKASI, KAB. BEKASI CKRG,PKB POKOK,976782028950,RUPIAH,2023
720,32,JAWA BARAT,3216,KABUPATEN BEKASI, KAB. BEKASI CKRG,PKB DENDA,45268192700,RUPIAH,2023
721,32,JAWA BARAT,3217,KABUPATEN BANDUNG BARAT, KAB. BANDUNG BARAT PDLG,PKB POKOK,307568959200,RUPIAH,2023
722,32,JAWA BARAT,3217,KABUPATEN BANDUNG BARAT, KAB. BANDUNG BARAT PDLG,PKB DENDA,11931208900,RUPIAH,2023
723,32,JAWA BARAT,3218,KABUPATEN PANGANDARAN,KABUPATEN PANGANDARAN,PKB POKOK,32693728400,RUPIAH,2023
724,32,JAWA BARAT,3218,KABUPATEN PANGANDARAN,KABUPATEN PANGANDARAN,PKB DENDA,1242358400,RUPIAH,2023
725,32,JAWA BARAT,3271,KOTA BOGOR, KOTA BOGOR,PKB POKOK,346133495550,RUPIAH,2023
726,32,JAWA BARAT,3271,KOTA BOGOR, KOTA BOGOR,PKB DENDA,13514201850,RUPIAH,2023
727,32,JAWA BARAT,3272,KOTA SUKABUMI, KOTA SUKABUMI,PKB POKOK,68393122700,RUPIAH,2023
728,32,JAWA BARAT,3272,KOTA SUKABUMI, KOTA SUKABUMI,PKB DENDA,2917170250,RUPIAH,2023
729,32,JAWA BARAT,3273,KOTA BANDUNG, KOTA BANDUNG I PJJRN,PKB POKOK,460197216600,RUPIAH,2023
730,32,JAWA BARAT,3273,KOTA BANDUNG, KOTA BANDUNG I PJJRN,PKB DENDA,14755286310,RUPIAH,2023
731,32,JAWA BARAT,3273,KOTA BANDUNG, KOTA BANDUNG II KWLYN,PKB POKOK,468148468600,RUPIAH,2023
732,32,JAWA BARAT,3273,KOTA BANDUNG, KOTA BANDUNG II KWLYN,PKB DENDA,15623227300,RUPIAH,2023
733,32,JAWA BARAT,3273,KOTA BANDUNG, KOTA BANDUNG III SOETA,PKB POKOK,441468129200,RUPIAH,2023
734,32,JAWA BARAT,3273,KOTA BANDUNG, KOTA BANDUNG III SOETA,PKB DENDA,14719284550,RUPIAH,2023
735,32,JAWA BARAT,3274,KOTA CIREBON, KOTA CIREBON,PKB POKOK,120569853900,RUPIAH,2023
736,32,JAWA BARAT,3274,KOTA CIREBON, KOTA CIREBON,PKB DENDA,4129620700,RUPIAH,2023
737,32,JAWA BARAT,3275,KOTA BEKASI, KOTA BEKASI,PKB POKOK,1247917855500,RUPIAH,2023
738,32,JAWA BARAT,3275,KOTA BEKASI, KOTA BEKASI,PKB DENDA,54899697000,RUPIAH,2023
739,32,JAWA BARAT,3276,KOTA DEPOK, KOTA DEPOK I,PKB POKOK,516375529200,RUPIAH,2023
740,32,JAWA BARAT,3276,KOTA DEPOK, KOTA DEPOK I,PKB DENDA,22649796500,RUPIAH,2023
741,32,JAWA BARAT,3276,KOTA DEPOK, KOTA DEPOK II CINERE,PKB POKOK,267125131100,RUPIAH,2023
742,32,JAWA BARAT,3276,KOTA DEPOK, KOTA DEPOK II CINERE,PKB DENDA,12295655200,RUPIAH,2023
743,32,JAWA BARAT,3277,KOTA CIMAHI, KOTA CIMAHI,PKB POKOK,175259294150,RUPIAH,2023
744,32,JAWA BARAT,3277,KOTA CIMAHI, KOTA CIMAHI,PKB DENDA,6144398600,RUPIAH,2023
745,32,JAWA BARAT,3278,KOTA TASIKMALAYA, KOTA TASIKMALAYA,PKB POKOK,112275385100,RUPIAH,2023
746,32,JAWA BARAT,3278,KOTA TASIKMALAYA, KOTA TASIKMALAYA,PKB DENDA,3843363400,RUPIAH,2023
747,32,JAWA BARAT,3279,KOTA BANJAR, KOTA BANJAR,PKB POKOK,23558358200,RUPIAH,2023
748,32,JAWA BARAT,3279,KOTA BANJAR, KOTA BANJAR,PKB DENDA,802918400,RUPIAH,2023
749,32,JAWA BARAT,3201,KABUPATEN BOGOR, KAB. BOGOR (CIBINONG),PKB POKOK,856016845350,RUPIAH,2024
750,32,JAWA BARAT,3201,KABUPATEN BOGOR, KAB. BOGOR (CIBINONG),PKB DENDA,38854405150,RUPIAH,2024
751,32,JAWA BARAT,3202,KABUPATEN SUKABUMI, KAB. SUKABUMI I CBDK,PKB POKOK,150954812700,RUPIAH,2024
752,32,JAWA BARAT,3202,KABUPATEN SUKABUMI, KAB. SUKABUMI I CBDK,PKB DENDA,7326152800,RUPIAH,2024
753,32,JAWA BARAT,3202,KABUPATEN SUKABUMI, KAB. SUKABUMI II P.RATU,PKB POKOK,61788421600,RUPIAH,2024
754,32,JAWA BARAT,3202,KABUPATEN SUKABUMI, KAB. SUKABUMI II P.RATU,PKB DENDA,3218058100,RUPIAH,2024
755,32,JAWA BARAT,3203,KABUPATEN CIANJUR, KAB. CIANJUR,PKB POKOK,190276766700,RUPIAH,2024
756,32,JAWA BARAT,3203,KABUPATEN CIANJUR, KAB. CIANJUR,PKB DENDA,8408311700,RUPIAH,2024
757,32,JAWA BARAT,3204,KABUPATEN BANDUNG, KAB. BANDUNG I RC.EKEK,PKB POKOK,268999642625,RUPIAH,2024
758,32,JAWA BARAT,3204,KABUPATEN BANDUNG, KAB. BANDUNG I RC.EKEK,PKB DENDA,10350488350,RUPIAH,2024
759,32,JAWA BARAT,3204,KABUPATEN BANDUNG, KAB. BANDUNG II SOREANG,PKB POKOK,294085639950,RUPIAH,2024
760,32,JAWA BARAT,3204,KABUPATEN BANDUNG, KAB. BANDUNG II SOREANG,PKB DENDA,11115042816,RUPIAH,2024
761,32,JAWA BARAT,3205,KABUPATEN GARUT, KAB. GARUT,PKB POKOK,168951100900,RUPIAH,2024
762,32,JAWA BARAT,3205,KABUPATEN GARUT, KAB. GARUT,PKB DENDA,7120261100,RUPIAH,2024
763,32,JAWA BARAT,3206,KABUPATEN TASIKMALAYA, KAB. TASIKMALAYA,PKB POKOK,111947620000,RUPIAH,2024
764,32,JAWA BARAT,3206,KABUPATEN TASIKMALAYA, KAB. TASIKMALAYA,PKB DENDA,4128941500,RUPIAH,2024
765,32,JAWA BARAT,3207,KABUPATEN CIAMIS, KAB. CIAMIS I,PKB POKOK,100607659200,RUPIAH,2024
766,32,JAWA BARAT,3207,KABUPATEN CIAMIS, KAB. CIAMIS I,PKB DENDA,3633131500,RUPIAH,2024
767,32,JAWA BARAT,3208,KABUPATEN KUNINGAN, KAB. KUNINGAN,PKB POKOK,128877016000,RUPIAH,2024
768,32,JAWA BARAT,3208,KABUPATEN KUNINGAN, KAB. KUNINGAN,PKB DENDA,5124471800,RUPIAH,2024
769,32,JAWA BARAT,3209,KABUPATEN CIREBON, KAB. CIREBON I SBR,PKB POKOK,213031088500,RUPIAH,2024
770,32,JAWA BARAT,3209,KABUPATEN CIREBON, KAB. CIREBON I SBR,PKB DENDA,8508700600,RUPIAH,2024
771,32,JAWA BARAT,3209,KABUPATEN CIREBON, KAB. CIREBON II CLDG,PKB POKOK,86082376000,RUPIAH,2024
772,32,JAWA BARAT,3209,KABUPATEN CIREBON, KAB. CIREBON II CLDG,PKB DENDA,3730328100,RUPIAH,2024
773,32,JAWA BARAT,3210,KABUPATEN MAJALENGKA, KAB. MAJALENGKA,PKB POKOK,133979279600,RUPIAH,2024
774,32,JAWA BARAT,3210,KABUPATEN MAJALENGKA, KAB. MAJALENGKA,PKB DENDA,5103843600,RUPIAH,2024
775,32,JAWA BARAT,3211,KABUPATEN SUMEDANG, KAB. SUMEDANG,PKB POKOK,113151330700,RUPIAH,2024
776,32,JAWA BARAT,3211,KABUPATEN SUMEDANG, KAB. SUMEDANG,PKB DENDA,4324397100,RUPIAH,2024
777,32,JAWA BARAT,3212,KABUPATEN INDRAMAYU, KAB. INDRAMAYU I,PKB POKOK,151375613100,RUPIAH,2024
778,32,JAWA BARAT,3212,KABUPATEN INDRAMAYU, KAB. INDRAMAYU I,PKB DENDA,6696786800,RUPIAH,2024
779,32,JAWA BARAT,3212,KABUPATEN INDRAMAYU, KAB. INDRAMAYU II HRGLS,PKB POKOK,56428438200,RUPIAH,2024
780,32,JAWA BARAT,3212,KABUPATEN INDRAMAYU, KAB. INDRAMAYU II HRGLS,PKB DENDA,2706423800,RUPIAH,2024
781,32,JAWA BARAT,3213,KABUPATEN SUBANG, KAB. SUBANG,PKB POKOK,175729871200,RUPIAH,2024
782,32,JAWA BARAT,3213,KABUPATEN SUBANG, KAB. SUBANG,PKB DENDA,7549745900,RUPIAH,2024
783,32,JAWA BARAT,3214,KABUPATEN PURWAKARTA,KAB. PURWAKARTA,PKB POKOK,147802237600,RUPIAH,2024
784,32,JAWA BARAT,3214,KABUPATEN PURWAKARTA,KAB. PURWAKARTA,PKB DENDA,6831797400,RUPIAH,2024
785,32,JAWA BARAT,3215,KABUPATEN KARAWANG, KAB. KARAWANG,PKB POKOK,444887530500,RUPIAH,2024
786,32,JAWA BARAT,3215,KABUPATEN KARAWANG, KAB. KARAWANG,PKB DENDA,18771097500,RUPIAH,2024
787,32,JAWA BARAT,3216,KABUPATEN BEKASI, KAB. BEKASI CKRG,PKB POKOK,1023137882650,RUPIAH,2024
788,32,JAWA BARAT,3216,KABUPATEN BEKASI, KAB. BEKASI CKRG,PKB DENDA,43764126600,RUPIAH,2024
789,32,JAWA BARAT,3217,KABUPATEN BANDUNG BARAT, KAB. BANDUNG BARAT PDLG,PKB POKOK,328114253500,RUPIAH,2024
790,32,JAWA BARAT,3217,KABUPATEN BANDUNG BARAT, KAB. BANDUNG BARAT PDLG,PKB DENDA,12276707700,RUPIAH,2024
791,32,JAWA BARAT,3218,KABUPATEN PANGANDARAN,KABUPATEN PANGANDARAN,PKB POKOK,34705887200,RUPIAH,2024
792,32,JAWA BARAT,3218,KABUPATEN PANGANDARAN,KABUPATEN PANGANDARAN,PKB DENDA,1229739500,RUPIAH,2024
793,32,JAWA BARAT,3271,KOTA BOGOR, KOTA BOGOR,PKB POKOK,363249844900,RUPIAH,2024
794,32,JAWA BARAT,3271,KOTA BOGOR, KOTA BOGOR,PKB DENDA,13789801400,RUPIAH,2024
795,32,JAWA BARAT,3272,KOTA SUKABUMI, KOTA SUKABUMI,PKB POKOK,71380021300,RUPIAH,2024
796,32,JAWA BARAT,3272,KOTA SUKABUMI, KOTA SUKABUMI,PKB DENDA,2784411600,RUPIAH,2024
797,32,JAWA BARAT,3273,KOTA BANDUNG, KOTA BANDUNG I PJJRN,PKB POKOK,478735404700,RUPIAH,2024
798,32,JAWA BARAT,3273,KOTA BANDUNG, KOTA BANDUNG I PJJRN,PKB DENDA,15216442800,RUPIAH,2024
799,32,JAWA BARAT,3273,KOTA BANDUNG, KOTA BANDUNG II KWLYN,PKB POKOK,483409080400,RUPIAH,2024
800,32,JAWA BARAT,3273,KOTA BANDUNG, KOTA BANDUNG II KWLYN,PKB DENDA,15681845150,RUPIAH,2024
801,32,JAWA BARAT,3273,KOTA BANDUNG, KOTA BANDUNG III SOETA,PKB POKOK,465518291450,RUPIAH,2024
802,32,JAWA BARAT,3273,KOTA BANDUNG, KOTA BANDUNG III SOETA,PKB DENDA,15302744800,RUPIAH,2024
803,32,JAWA BARAT,3274,KOTA CIREBON, KOTA CIREBON,PKB POKOK,125310882300,RUPIAH,2024
804,32,JAWA BARAT,3274,KOTA CIREBON, KOTA CIREBON,PKB DENDA,4322907400,RUPIAH,2024
805,32,JAWA BARAT,3275,KOTA BEKASI, KOTA BEKASI,PKB POKOK,1297512762300,RUPIAH,2024
806,32,JAWA BARAT,3275,KOTA BEKASI, KOTA BEKASI,PKB DENDA,54026884000,RUPIAH,2024
807,32,JAWA BARAT,3276,KOTA DEPOK, KOTA DEPOK I,PKB POKOK,549318962330,RUPIAH,2024
808,32,JAWA BARAT,3276,KOTA DEPOK, KOTA DEPOK I,PKB DENDA,23449600900,RUPIAH,2024
809,32,JAWA BARAT,3276,KOTA DEPOK, KOTA DEPOK II CINERE,PKB POKOK,282400275100,RUPIAH,2024
810,32,JAWA BARAT,3276,KOTA DEPOK, KOTA DEPOK II CINERE,PKB DENDA,12459355600,RUPIAH,2024
811,32,JAWA BARAT,3277,KOTA CIMAHI, KOTA CIMAHI,PKB POKOK,181392904200,RUPIAH,2024
812,32,JAWA BARAT,3277,KOTA CIMAHI, KOTA CIMAHI,PKB DENDA,6063898600,RUPIAH,2024
813,32,JAWA BARAT,3278,KOTA TASIKMALAYA, KOTA TASIKMALAYA,PKB POKOK,118951393500,RUPIAH,2024
814,32,JAWA BARAT,3278,KOTA TASIKMALAYA, KOTA TASIKMALAYA,PKB DENDA,3914551100,RUPIAH,2024
815,32,JAWA BARAT,3279,KOTA BANJAR, KOTA BANJAR,PKB POKOK,24706415100,RUPIAH,2024
816,32,JAWA BARAT,3279,KOTA BANJAR, KOTA BANJAR,PKB DENDA,818563000,RUPIAH,2024
